Date,Close,F1M_Return
2018-01-02,238.56878662109375,-0.004092845441886039
2018-01-03,240.0776824951172,-0.04747284671385321
2018-01-04,241.08956909179688,-0.037222296694579216
2018-01-05,242.6962432861328,-0.029551834192049098
2018-01-08,243.1400909423828,-0.02891380670120025
2018-01-09,243.69033813476562,-0.018029753626845557
2018-01-10,243.31756591796875,-0.003976280034064805
2018-01-11,245.0928497314453,-0.01090148081809672
2018-01-12,246.69061279296875,-0.023460090222647056
2018-01-16,245.84725952148438,-0.024984536222602882
2018-01-17,248.19061279296875,-0.03293840552534144
2018-01-18,247.7734832763672,-0.015870099937289384
2018-01-19,248.90069580078125,-0.008951348323891994
2018-01-22,250.92459106445312,-0.029219207236128808
2018-01-23,251.45712280273438,-0.04108864022159908
2018-01-24,251.35952758789062,-0.054664823823666886
2018-01-25,251.46595764160156,-0.05019389173822231
2018-01-26,254.37738037109375,-0.050212538321321554
2018-01-29,252.6909637451172,-0.04145001722487229
2018-01-30,250.09910583496094,-0.031871459647802025
2018-01-31,250.22332763671875,-0.027669313472169277
2018-02-01,249.9392547607422,-0.009624042560634427
2018-02-02,244.49815368652344,0.0111451161739331
2018-02-05,234.27259826660156,0.048460040060471776
2018-02-06,238.88833618164062,0.02292539001235716
2018-02-07,237.5923614501953,0.027384434237482047
2018-02-08,228.68051147460938,0.06857972272410806
2018-02-09,232.11566162109375,0.03852147117144611
2018-02-12,235.5241241455078,0.025232731006551212
2018-02-13,236.1099853515625,0.020726000704162306
2018-02-14,239.29666137695312,-0.01804235103152252
2018-02-15,242.35006713867188,-0.051080505814708244
2018-02-16,242.4209747314453,-0.025404063282995604
2018-02-20,240.90322875976562,-0.03594812309275608
2018-02-21,239.7048797607422,-0.0339910775140253
2018-02-22,240.01560974121094,-0.022914731231050478
2018-02-23,243.84129333496094,-0.0590034043614599
2018-02-26,246.67269897460938,-0.0578821821827642
2018-02-27,243.5927734375,-0.03576293953631948
2018-02-28,241.12509155273438,-0.018207517427444753
2018-03-01,237.61900329589844,-0.025923996373373503
2018-03-02,238.84390258789062,-0.026143441773057163
2018-03-05,241.6044464111328,-0.021963094241056247
2018-03-06,242.2169189453125,-0.029550152930012064
2018-03-07,242.12808227539062,-0.02120706781262993
2018-03-08,243.29981994628906,-0.02877829816022015
2018-03-09,247.53382873535156,-0.03754203221882957
2018-03-12,247.22311401367188,-0.026022875921474897
2018-03-13,245.62545776367188,-0.018961739570151792
2018-03-14,244.3649444580078,-0.01937138882580447
2018-03-15,244.09869384765625,-0.0266263855817237
2018-03-16,244.3633575439453,-0.02782630121757046
2018-03-19,241.05709838867188,-0.027764607969227306
2018-03-20,241.467041015625,-0.027016040155745547
2018-03-21,241.00360107421875,-0.015234881805033296
2018-03-22,234.97918701171875,0.010960417403157896
2018-03-23,229.970703125,0.02503397171854438
2018-03-26,236.2624969482422,-0.0004904512804078109
2018-03-27,232.2432098388672,0.00997714169853925
2018-03-28,231.5570526123047,0.010737695665522295
2018-03-29,234.51571655273438,0.010906537754481027
2018-04-02,229.45382690429688,0.03670314306527045
2018-04-03,232.39474487304688,0.023583832198900367
2018-04-04,234.8811798095703,0.022537133831991518
2018-04-05,236.73480224609375,0.02401761895787291
2018-04-06,231.45896911621094,0.0505545064422952
2018-04-09,232.59970092773438,0.04590054326869408
2018-04-10,236.29806518554688,0.0224404834550882
2018-04-11,235.0593719482422,0.032150586850856255
2018-04-12,236.99325561523438,0.022863338524903076
2018-04-13,236.29806518554688,0.023307716696919778
2018-04-16,238.24090576171875,0.022593733211488942
2018-04-17,240.78965759277344,0.008956685547272025
2018-04-18,240.9679718017578,0.01098411564229318
2018-04-19,239.63125610351562,0.014540951833216464
2018-04-20,237.59922790527344,0.020779571240762573
2018-04-23,237.56362915039062,0.009190717176537744
2018-04-24,234.36424255371094,0.036618607820215754
2018-04-25,234.9435577392578,0.027728243354451232
2018-04-26,237.33193969726562,0.027373656806130686
2018-04-27,237.55465698242188,0.03128790133746717
2018-04-30,235.727783203125,0.040036233572680935
2018-05-01,236.14662170410156,0.046871354258710474
2018-05-02,234.56033325195312,0.053837375731404125
2018-05-03,234.04344177246094,0.05928712564799521
2018-05-04,237.07347106933594,0.047139358455418945
2018-05-07,237.87550354003906,0.04495763758587645
2018-05-08,237.87550354003906,0.041623386749298774
2018-05-09,240.1747283935547,0.0342487854739848
2018-05-10,242.4206085205078,0.023360013172804894
2018-05-11,243.16026306152344,0.018148501441821008
2018-05-14,243.27615356445312,0.013763296612894216
2018-05-15,241.6007080078125,0.022534815957817145
2018-05-16,242.61666870117188,0.011869465688510994
2018-05-17,242.41171264648438,0.014571754198828168
2018-05-18,241.80563354492188,0.0032688259600854863
2018-05-21,243.6236572265625,-0.002013325717206138
2018-05-22,242.9463348388672,-0.007521669597357228
2018-05-23,243.6147918701172,-0.004585939754367163
2018-05-24,243.11572265625,-0.0011063318812374323
2018-05-25,242.53643798828125,0.003419971779570652
2018-05-29,239.74700927734375,0.011510012054434693
2018-05-30,242.9463348388672,0.0063327913277770875
2018-05-31,241.4581298828125,0.02109983443080843
2018-06-01,243.82858276367188,0.020277354493712263
2018-06-04,244.98724365234375,0.01910618203724046
2018-06-05,245.16543579101562,0.010916924843354492
2018-06-06,247.2151336669922,0.01162380672248009
2018-06-07,247.18844604492188,0.012529890908139052
2018-06-08,247.91920471191406,0.008642674289848884
2018-06-11,248.24896240234375,0.011377971834462652
2018-06-12,248.56982421875,0.01219727945610738
2018-06-13,247.7766876220703,0.011607747193624451
2018-06-14,248.40042114257812,0.007914346984520648
2018-06-15,248.08355712890625,0.011077963126023826
2018-06-18,247.57325744628906,0.018260321242066446
2018-06-19,246.6244354248047,0.030889180629148028
2018-06-20,247.04513549804688,0.026705722853428204
2018-06-21,245.49639892578125,0.02618173130065471
2018-06-22,245.94407653808594,0.018963542496797547
2018-06-25,242.59605407714844,0.03811834559580851
2018-06-26,243.13316345214844,0.03409431733136281
2018-06-27,241.1189727783203,0.048413005135497844
2018-06-28,242.49758911132812,0.04691907198960599
2018-06-29,242.8467559814453,0.04924743350776817
2018-07-02,243.36590576171875,0.05046727026536968
2018-07-03,242.50650024414062,0.053746495448975695
2018-07-05,244.48486328125,0.043791816039384424
2018-07-06,246.5528564453125,0.028102272991705535
2018-07-09,248.7727813720703,0.015113680909086602
2018-07-10,249.6680145263672,0.01792737096008179
2018-07-11,247.84188842773438,0.017770714307086655
2018-07-12,250.08871459960938,0.01678798795398162
2018-07-13,250.2856903076172,0.019564373549440628
2018-07-16,250.0618896484375,0.02266064992699568
2018-07-17,251.0735321044922,0.020928988100718637
2018-07-18,251.60169982910156,0.01818118525178858
2018-07-19,250.65281677246094,0.020678242355791854
2018-07-20,250.36634826660156,0.02799577937822928
2018-07-23,250.83181762695312,0.034189465057486323
2018-07-24,252.09402465820312,0.029509054832102644
2018-07-25,254.24246215820312,0.026301830856904962
2018-07-26,253.6426544189453,0.024564383998411765
2018-07-27,251.92391967773438,0.03158990207561607
2018-07-30,250.60804748535156,0.035220184988305814
2018-07-31,251.84341430664062,0.027369597105328713
2018-08-01,251.42262268066406,0.02599131783837727
2018-08-02,252.79226684570312,0.0184495751009508
2018-08-03,253.87535095214844,0.01586737568724561
2018-08-06,254.80633544921875,0.015493513738676912
2018-08-07,255.64791870117188,0.012395501960052568
2018-08-08,255.54037475585938,0.018812099579783803
2018-08-09,255.19129943847656,0.020381043847972125
2018-08-10,253.48155212402344,0.021825388584162386
2018-08-13,252.53265380859375,0.03123000752870997
2018-08-14,254.14390563964844,0.025783739078356627
2018-08-15,252.2462158203125,0.041876310551533846
2018-08-16,254.28720092773438,0.03256988343090539
2018-08-17,255.182373046875,0.025529382612580864
2018-08-20,255.72845458984375,0.02238991564147197
2018-08-21,256.3282470703125,0.01694604496245189
2018-08-22,256.1761169433594,0.020393051111940563
2018-08-23,255.83587646484375,0.02185506063891851
2018-08-24,257.37554931640625,0.019271179539375627
2018-08-27,259.4076232910156,0.01069754380714305
2018-08-28,259.5330810546875,0.01076315968947772
2018-08-29,260.92950439453125,-0.0025037022794252017
2018-08-30,259.87322998046875,-0.004055063656666635
2018-08-31,259.8821716308594,-0.0040893306915048555
2018-09-04,259.43450927734375,-0.0038265411150255613
2018-09-05,258.73626708984375,-0.03276535189372365
2018-09-06,257.9574279785156,-0.05121422628307071
2018-09-07,257.4561767578125,-0.036164092322675145
2018-09-10,257.9036865234375,-0.04324115712861032
2018-09-11,258.7541809082031,-0.025534161031374847
2018-09-12,258.8168029785156,-0.025596371804012974
2018-09-13,260.3476257324219,-0.04531441597426633
2018-09-14,260.3923645019531,-0.04599651897202439
2018-09-17,259.0138854980469,-0.04522397817839152
2018-09-18,260.41925048828125,-0.05521105376532587
2018-09-19,260.6966857910156,-0.08481179241368075
2018-09-20,262.8093566894531,-0.07588178784373001
2018-09-21,262.5693054199219,-0.09130465810098731
2018-09-24,261.697021484375,-0.09332706959812898
2018-09-25,261.4541931152344,-0.07903704199125727
2018-09-26,260.6719970703125,-0.06640721402062821
2018-09-27,261.40032958984375,-0.05910099811267577
2018-09-28,261.42718505859375,-0.06476980068513827
2018-10-01,262.3354797363281,-0.06286602617502668
2018-10-02,262.1826477050781,-0.05638647029676058
2018-10-03,262.32647705078125,-0.03671325701955608
2018-10-04,260.2762145996094,-0.03088730316385868
2018-10-05,258.8194274902344,-0.03495208993756038
2018-10-08,258.8194274902344,-0.05298470285620971
2018-10-09,258.4417724609375,-0.053375225243309954
2018-10-10,250.25868225097656,-0.029105381864090507
2018-10-11,244.746337890625,0.003123126523096209
2018-10-12,248.1455078125,-0.008044906356133974
2018-10-15,246.7516326904297,-0.019314809151997236
2018-10-16,252.14710998535156,-0.05806007039275052
2018-10-17,252.19203186035156,-0.05501880877610177
2018-10-18,248.5501251220703,-0.0475758428351043
2018-10-19,248.41522216796875,-0.031673990518509054
2018-10-22,247.3002471923828,-0.02403586978003236
2018-10-23,246.04122924804688,0.0035450274047821306
2018-10-24,238.58653259277344,0.03264004678432286
2018-10-25,242.86691284179688,0.02062347022208244
2018-10-26,238.5955047607422,0.05265155233604246
2018-10-29,237.2736053466797,0.024217742511670304
2018-10-30,240.7896270751953,0.007730734647922732
2018-10-31,243.3614959716797,-0.02608718987513836
2018-11-01,245.95130920410156,-0.03451402457957897
2018-11-02,244.49459838867188,-0.02854111894516942
2018-11-05,245.84349060058594,-0.029006494017136397
2018-11-06,247.3990936279297,-0.035438821622437056
2018-11-07,252.69561767578125,-0.07309340328223635
2018-11-08,252.2369842529297,-0.08962552666711554
2018-11-09,249.7731475830078,-0.08165368318529764
2018-11-12,245.10595703125,-0.07818161987501415
2018-11-13,244.6473846435547,-0.09148710136728067
2018-11-14,242.9748077392578,-0.10397638171827639
2018-11-15,245.51071166992188,-0.13666238030452849
2018-11-16,246.14920043945312,-0.09539480005559264
2018-11-19,241.9856719970703,-0.07276603303420759
2018-11-20,237.50743103027344,-0.05650156017039709
2018-11-21,238.3167266845703,-0.051469859924159644
2018-11-23,236.7251434326172,-0.04409914671369164
2018-11-26,240.5469207763672,-0.08173436452054916
2018-11-27,241.35617065429688,-0.05415818082204804
2018-11-28,246.9134521484375,-0.06815647533142333
2018-11-29,246.37400817871094,-0.05734200145456869
2018-11-30,247.87567138671875,-0.058674109467779845
2018-12-03,251.15792846679688,-0.06769864627251976
2018-12-04,243.01983642578125,-0.03610612921268308
2018-12-06,242.65110778808594,-0.040530906594313576
2018-12-07,237.01287841796875,-0.006448644797009906
2018-12-10,237.46253967285156,-0.005930340189733596
2018-12-11,237.51644897460938,0.0013839887476954083
2018-12-12,238.71243286132812,0.009628644580011336
2018-12-13,238.63156127929688,-0.00367434965935709
2018-12-14,234.22523498535156,0.017192822106052885
2018-12-17,229.63011169433594,0.03809924341348303
2018-12-18,229.3782501220703,0.04803242407650132
2018-12-19,225.94317626953125,0.055879717536055695
2018-12-20,222.2653045654297,0.07192720991263513
2018-12-21,217.71116638183594,0.11167444951152294
2018-12-24,211.95863342285156,0.151873227124393
2018-12-26,222.6678466796875,0.09700234911010663
2018-12-27,224.37733459472656,0.09630349777790137
2018-12-28,224.087890625,0.10232071417987854
2018-12-31,226.05059814453125,0.09130921616270382
2019-01-02,226.2857666015625,0.07978266017813795
2019-01-03,220.88597106933594,0.10753065957593355
2019-01-04,228.28475952148438,0.07222935564576116
2019-01-07,230.08470153808594,0.07752152670190404
2019-01-08,232.24642944335938,0.07095817207605903
2019-01-09,233.331787109375,0.06361204611777205
2019-01-10,234.15487670898438,0.07142293927877841
2019-01-11,234.24533081054688,0.07286270750575419
2019-01-14,232.8162384033203,0.08162364999775518
2019-01-15,235.48446655273438,0.06556586626716898
2019-01-16,236.05430603027344,0.06958365694239621
2019-01-17,237.8451690673828,0.06297545950673955
2019-01-18,241.0109100341797,0.04826250462887027
2019-01-22,237.75474548339844,0.062162263633881
2019-01-23,238.25222778320312,0.057970239459237405
2019-01-24,238.37884521484375,0.0640104757298432
2019-01-25,240.39584350585938,0.05124547258695911
2019-01-28,238.56881713867188,0.05785551069706729
2019-01-29,238.25222778320312,0.052845319659195145
2019-01-30,242.02394104003906,0.027767303284016
2019-01-31,244.14947509765625,0.016782329140568653
2019-02-01,244.26715087890625,0.031029856276984402
2019-02-04,245.98565673828125,0.027687756700673916
2019-02-05,247.0167236328125,0.030172366931365158
2019-02-06,246.69110107421875,0.03087204991257586
2019-02-07,244.33944702148438,0.04593621569434392
2019-02-08,244.6379852294922,0.04844699189370161
2019-02-11,244.77362060546875,0.04812609606442897
2019-02-12,247.9212188720703,0.031704606756683074
2019-02-13,248.72621154785156,0.03998013315034532
2019-02-14,248.17449951171875,0.022232040551970034
2019-02-15,250.87890625,0.010452449883223025
2019-02-19,251.31307983398438,0.016225447712557628
2019-02-20,251.81954956054688,0.00887831399956096
2019-02-21,250.92420959472656,0.016316146686483624
2019-02-22,252.47982788085938,0.01642291145484509
2019-02-25,252.82357788085938,0.02707844495090428
2019-02-26,252.6427001953125,0.028317241232692192
2019-02-27,252.53411865234375,0.030378712460293222
2019-02-28,252.0637664794922,0.03504002693584596
2019-03-01,253.63758850097656,0.033596426218535536
2019-03-04,252.7150421142578,0.03816021958306437
2019-03-05,252.371337890625,0.03424669129632685
2019-03-06,250.84274291992188,0.044098659122112194
2019-03-07,248.74429321289062,0.05261486129120474
2019-03-08,248.2468719482422,0.061859633721752516
2019-03-11,251.8467254638672,0.04599683478251815
2019-03-12,252.79644775390625,0.04274935372567157
2019-03-13,254.4698028564453,0.03335799214399904
2019-03-14,254.3069610595703,0.03605577759762668
2019-03-15,255.5634765625,0.031850527518465954
2019-03-18,256.4899597167969,0.0373678278355718
2019-03-19,256.5536193847656,0.03480869953414811
2019-03-20,255.78146362304688,0.03729332178560574
2019-03-21,258.6703186035156,0.030485450340480558
2019-03-22,253.69192504882812,0.05235392808136008
2019-03-25,253.50120544433594,0.05368365580789791
2019-03-26,255.3907470703125,0.038026590687810335
2019-03-27,254.05528259277344,0.04123030670639416
2019-03-28,255.01832580566406,0.04745112467443535
2019-03-29,256.62628173828125,0.03660450010881022
2019-04-01,259.6696472167969,0.007347051982904862
2019-04-02,259.7968444824219,0.005455053980237157
2019-04-03,260.2057800292969,0.0008375141603929048
2019-04-04,260.8960876464844,0.0032035164637727043
2019-04-05,262.1589050292969,-0.02671783450011711
2019-04-08,262.35870361328125,-0.01866378503123778
2019-04-09,261.01422119140625,-0.007831482930846678
2019-04-10,261.9045715332031,-0.0020467044795270395
2019-04-11,261.8319396972656,-0.008223588935242443
2019-04-12,263.60333251953125,-0.021401512476507234
2019-04-15,263.4308776855469,-0.011932665771017814
2019-04-16,263.60333251953125,-0.015611581436563271
2019-04-17,262.9584045410156,-0.025254911409008263
2019-04-18,263.4761962890625,-0.02496366516447157
2019-04-22,263.70330810546875,-0.03486401505376091
2019-04-23,266.0744323730469,-0.049883715822275465
2019-04-24,265.4839172363281,-0.04516972882081094
2019-04-25,265.3204040527344,-0.05745593608663613
2019-04-26,266.5559997558594,-0.06421066466601955
2019-04-29,266.97369384765625,-0.045393940737939786
2019-04-30,267.1100769042969,-0.03761655167118849
2019-05-01,265.1023864746094,-0.02402279300669108
2019-05-02,264.5300598144531,-0.012123042583277233
2019-05-03,267.1192321777344,-0.017209372414804025
2019-05-06,266.01995849609375,-0.013387378280135365
2019-05-07,261.57745361328125,0.0015979942529606994
2019-05-08,261.21405029296875,0.007129887369089261
2019-05-09,260.4237060546875,0.009070067324742581
2019-05-10,261.73187255859375,0.004408477653289333
2019-05-13,255.1545867919922,0.04108807353461885
2019-05-14,257.46209716796875,0.034086100450446466
2019-05-15,258.9700927734375,0.037886940409138425
2019-05-16,261.3685302734375,0.026868159865043317
2019-05-17,259.6787414550781,0.03228464689728816
2019-05-20,257.9618225097656,0.028963338350550538
2019-05-21,260.2874450683594,0.018752391079057684
2019-05-22,259.4880676269531,0.02551410370926166
2019-05-23,256.3174133300781,0.043542279809439366
2019-05-24,256.89886474609375,0.05063279410391619
2019-05-28,254.50955200195312,0.06325786721430782
2019-05-29,252.80165100097656,0.07899951043026188
2019-05-30,253.49208068847656,0.07483607425261041
2019-05-31,250.076171875,0.08353118971563345
2019-06-03,249.4402618408203,0.08764759379169074
2019-06-04,254.85470581054688,0.06962657160829155
2019-06-05,257.06231689453125,0.06292683088978834
2019-06-06,258.73388671875,0.060787252753889076
2019-06-07,261.3231506347656,0.050626314005183026
2019-06-10,262.52227783203125,0.04245431179692005
2019-06-11,262.4586486816406,0.03561154362462937
2019-06-12,261.9954528808594,0.04124056341086213
2019-06-13,263.07647705078125,0.031201590628838982
2019-06-14,262.7857666015625,0.034878324889060064
2019-06-17,262.8857116699219,0.04188158698638378
2019-06-18,265.6383972167969,0.035930632634682214
2019-06-19,266.23797607421875,0.028659850441639323
2019-06-20,268.78167724609375,0.02575187018063585
2019-06-21,268.3910217285156,0.025373986441964647
2019-06-24,268.0623779296875,0.024110904216684492
2019-06-25,265.4332580566406,0.02293958288134701
2019-06-26,265.16845703125,0.015044815077384754
2019-06-27,266.1086730957031,0.0038424977313253894
2019-06-28,267.4780578613281,-0.031330945959375134
2019-07-01,269.9063720703125,-0.02658460394568607
2019-07-02,270.6092834472656,-0.028539610310888586
2019-07-03,272.7728576660156,-0.01733588820415155
2019-07-05,272.4624328613281,-0.022917324938516836
2019-07-08,270.96533203125,-0.029479134568428433
2019-07-09,271.3031005859375,-0.01561294299476046
2019-07-10,272.599365234375,-0.04926103852254271
2019-07-11,273.2384338378906,-0.04897918428784709
2019-07-12,274.46160888671875,-0.039247870531329165
2019-07-15,274.552978515625,-0.027996503549359786
2019-07-16,273.66748046875,-0.0323238178246511
2019-07-17,271.8052062988281,-0.017767222705451613
2019-07-18,272.80029296875,-0.0216512363633109
2019-07-19,271.2848815917969,-0.04145773484855042
2019-07-22,271.9512939453125,-0.033232524996352986
2019-07-23,273.8957824707031,-0.04386242388175976
2019-07-24,275.1829528808594,-0.04163378966518971
2019-07-25,273.8683166503906,-0.024733352596138403
2019-07-26,275.70330810546875,-0.03165477229643732
2019-07-29,275.201171875,-0.03556014598695556
2019-07-30,274.5256042480469,-0.022213057303776096
2019-07-31,271.5221862792969,0.0013113056758393693
2019-08-01,269.1578674316406,0.010887024767666675
2019-08-02,267.1311950683594,0.01906903124573378
2019-08-05,259.09771728515625,0.05041922876418381
2019-08-06,262.73101806640625,0.0432592224337538
2019-08-07,262.8861999511719,0.04625484153882131
2019-08-08,268.0440979003906,0.025440983305873965
2019-08-09,266.21832275390625,0.02928442694982092
2019-08-12,262.9775085449219,0.04460716978403889
2019-08-13,267.0672607421875,0.02922596288991519
2019-08-14,259.17083740234375,0.0605141471720374
2019-08-15,259.8554382324219,0.05272249033258358
2019-08-16,263.6895751953125,0.037172157424617325
2019-08-19,266.866455078125,0.016783461487441587
2019-08-20,264.8215026855469,0.030695909075142414
2019-08-21,266.9759826660156,0.020248234250684227
2019-08-22,266.8938293457031,0.01506418615947247
2019-08-23,260.03802490234375,0.04665772241185984
2019-08-26,262.9136657714844,0.022896512018646176
2019-08-27,261.8820495605469,0.008785329955621313
2019-08-28,263.7260437011719,0.009938814653239536
2019-08-29,267.0946350097656,0.010695991856636056
2019-08-30,266.9759826660156,0.006782256009731702
2019-09-03,265.41497802734375,-0.0030184711763138194
2019-09-04,268.42755126953125,-0.004846157851546518
2019-09-05,271.87823486328125,-0.010831183986002357
2019-09-06,272.08819580078125,-0.0013480583764572396
2019-09-09,272.2251281738281,-0.002962129073852293
2019-09-10,272.1612243652344,0.00714518064730485
2019-09-11,274.0965576171875,-0.00157210366620808
2019-09-12,275.04595947265625,-0.002084168728015756
2019-09-13,274.8634033203125,-0.005792117089410076
2019-09-16,274.0143737792969,0.0040489355993711396
2019-09-17,274.70819091796875,-0.0017582355566841956
2019-09-18,274.87255859375,0.0005473506010420515
2019-09-19,274.8543395996094,0.0022486164602233405
2019-09-20,273.5556640625,0.011130681027127665
2019-09-23,273.4914855957031,0.0170680587727714
2019-09-24,271.34539794921875,0.024808338261290697
2019-09-25,272.950439453125,0.021906990576965324
2019-09-26,272.38177490234375,0.02131286800846932
2019-09-27,270.91436767578125,0.036357360924837545
2019-09-30,272.1708068847656,0.03571769356100862
2019-10-01,268.9334716796875,0.04702594476971789
2019-10-02,264.1827697753906,0.06609727609963145
2019-10-03,266.34716796875,0.06115290414479757
2019-10-04,269.95147705078125,0.04956662902155484
2019-10-07,268.78668212890625,0.05210192286163706
2019-10-08,264.61383056640625,0.07094620076010871
2019-10-09,267.126708984375,0.061214585555375844
2019-10-10,268.9334716796875,0.05561984618966975
2019-10-11,271.7214050292969,0.05234930339035149
2019-10-14,271.41876220703125,0.054299544066967576
2019-10-15,274.1058654785156,0.043663139907687665
2019-10-16,273.6656494140625,0.04145458543741842
2019-10-17,274.47271728515625,0.03672135471043658
2019-10-18,273.2713623046875,0.043595014649525865
2019-10-21,275.12384033203125,0.04460171855314621
2019-10-22,274.2251892089844,0.05039934625822862
2019-10-23,275.02301025390625,0.05202090467838616
2019-10-24,275.4723815917969,0.046409648554025296
2019-10-25,276.60052490234375,0.033288921478177746
2019-10-28,278.1594543457031,0.020607085520589763
2019-10-29,278.0770263671875,0.027208981359583273
2019-10-30,278.9299621582031,0.025908708523008306
2019-10-31,278.18701171875,0.038044317717081944
2019-11-01,280.76409912109375,0.025282829123840056
2019-11-04,281.8921203613281,0.020041158202069198
2019-11-05,281.580322265625,0.024069387256113295
2019-11-06,281.64453125,0.03266056469397105
2019-11-07,282.63507080078125,0.029657763967509743
2019-11-08,283.3320617675781,0.034181097506792435
2019-11-11,282.7909851074219,0.036387005011063955
2019-11-12,283.3871765136719,0.03427136954421117
2019-11-13,283.478759765625,0.03817556016601076
2019-11-14,283.8915100097656,0.04121092727515663
2019-11-15,285.9458312988281,0.03530997698688121
2019-11-18,286.15667724609375,0.03457913386490152
2019-11-19,286.0741882324219,0.04038658091104197
2019-11-20,285.0103454589844,0.04401138896089707
2019-11-21,284.5517272949219,0.03992861150098714
2019-11-22,285.18463134765625,0.04014144568231126
2019-11-25,287.39483642578125,0.04179507322332787
2019-11-26,288.04595947265625,0.031568787617773264
2019-11-27,289.3299560546875,0.03090900691125742
2019-11-29,288.2569580078125,0.03183692646865155
2019-12-02,285.8082580566406,0.04622382576653439
2019-12-03,283.8915100097656,0.06042983665673862
2019-12-04,285.6432189941406,0.050893716712587356
2019-12-05,286.15667724609375,0.0562219533311108
2019-12-06,288.77044677734375,0.04506633074168054
2019-12-09,287.86260986328125,0.05073127664009025
2019-12-10,287.54156494140625,0.060654550409980246
2019-12-11,288.3577880859375,0.06094439696100329
2019-12-12,290.84320068359375,0.049818107414733026
2019-12-13,291.01739501953125,0.04931639467796867
2019-12-16,293.01666259765625,0.043352285095041854
2019-12-17,293.0809020996094,0.03384662642165637
2019-12-18,293.0992431640625,0.017211188016670986
2019-12-19,294.30072021484375,0.02367434474471586
2019-12-20,295.5909423828125,0.018364381136998453
2019-12-23,296.0425720214844,0.020110562893095763
2019-12-24,296.0517272949219,0.0015567430362757317
2019-12-26,297.62774658203125,0.003653667622781409
2019-12-27,297.5540466308594,0.019203095386980396
2019-12-30,295.9134826660156,0.036688625464897484
2019-12-31,296.6323547363281,0.037656188770241794
2020-01-02,299.4065246582031,0.022562334158567454
2020-01-03,297.13922119140625,0.03805720607625318
2020-01-06,298.2728576660156,0.03590413354880728
2020-01-07,297.4341735839844,0.045518191835013155
2020-01-08,299.0194091796875,0.03886574647682628
2020-01-09,301.0470275878906,0.03352182005571569
2020-01-10,300.1806640625,0.03383358817118598
2020-01-13,302.2449645996094,0.03168196407841983
2020-01-14,301.7842712402344,0.02901171590233753
2020-01-15,302.46624755859375,0.01611871159274747
2020-01-16,304.9822692871094,-0.0256860875481143
2020-01-17,305.93157958984375,-0.0581413072384932
2020-01-21,305.33245849609375,-0.05976441694833867
2020-01-22,305.36932373046875,-0.10210054783256461
2020-01-23,305.7196044921875,-0.10689770828383816
2020-01-24,303.0007019042969,-0.05985943615933842
2020-01-27,298.1438293457031,-0.07190137300724486
2020-01-28,301.2680969238281,-0.04291967354382664
2020-01-29,301.019287109375,-0.07396986962428276
2020-01-30,301.99615478515625,-0.09222418377070696
2020-01-31,296.5126037597656,-0.14763941386097856
2020-02-03,298.7151794433594,-0.11014426510673614
2020-02-04,303.26800537109375,-0.16623097632540063
2020-02-05,306.7701416015625,-0.2546114578993506
2020-02-06,307.8023986816406,-0.1936044657239604
2020-02-07,306.1618347167969,-0.27799502028994116
2020-02-10,308.447509765625,-0.24465149030276212
2020-02-11,308.9820861816406,-0.2841377913968034
2020-02-12,310.97283935546875,-0.2872089855522466
2020-02-13,310.6410217285156,-0.3171976164851752
2020-02-14,311.138671875,-0.33571985265500337
2020-02-18,310.33685302734375,-0.2736619832713122
2020-02-19,311.8206787109375,-0.266296705533709
2020-02-20,310.53955078125,-0.220252393924385
2020-02-21,307.34161376953125,-0.23560600418827582
2020-02-24,297.1484680175781,-0.1837088594685755
2020-02-25,288.1443176269531,-0.17074807827608662
2020-02-26,287.0844421386719,-0.20514483453760812
2020-02-27,274.1909484863281,-0.14856379558602417
2020-02-28,273.03887939453125,-0.15732969201306635
2020-03-02,284.8632507324219,-0.13805880807109272
2020-03-03,276.7068786621094,-0.11174675870460016
2020-03-04,288.3377685546875,-0.11896242818248282
2020-03-05,278.7529296875,-0.07480006954102925
2020-03-06,274.1448059082031,-0.06783763695182676
2020-03-09,252.73565673828125,0.04094671080928158
2020-03-10,265.81341552734375,-0.03129719337409331
2020-03-11,252.85546875,0.023258514081352155
2020-03-12,228.66294860839844,0.16208747632319032
2020-03-13,248.21047973632812,0.05170752902766762
2020-03-16,221.0503692626953,0.14507228912585468
2020-03-17,232.98536682128906,0.11052687454372201
2020-03-18,221.1885986328125,0.1696713037748272
2020-03-19,221.6586456298828,0.18346007650368246
2020-03-20,212.10643005371094,0.25458895428091743
2020-03-23,206.68324279785156,0.2815877928059054
2020-03-24,225.40945434570312,0.20588089951865762
2020-03-25,228.7838592529297,0.17703291522324327
2020-03-26,242.14247131347656,0.08265693804335728
2020-03-27,234.93008422851562,0.1189726570755798
2020-03-30,242.55966186523438,0.09378934462478594
2020-03-31,238.94422912597656,0.10281287674936701
2020-04-01,228.1905517578125,0.1687185082197591
2020-04-02,233.4561004638672,0.16125978028832955
2020-04-03,230.08175659179688,0.17853217246809683
2020-04-06,245.53536987304688,0.08234594292133335
2020-04-07,245.78578186035156,0.062120211571810025
2020-04-08,254.03640747070312,0.039922803995307676
2020-04-09,257.9021911621094,0.02904375478275245
2020-04-13,255.54747009277344,0.07015894077459284
2020-04-14,263.0843505859375,0.028824064918728576
2020-04-15,257.49420166015625,0.06901667186168536
2020-04-16,258.73651123046875,0.056538721660224
2020-04-17,265.7263488769531,0.03070048755524235
2020-04-20,261.0448303222656,0.062111544921466866
2020-04-21,253.11865234375,0.11166838192315787
2020-04-22,258.73651123046875,0.08552515027226049
2020-04-23,258.71795654296875,0.0904400619509842
2020-04-24,262.32415771484375,0.0797962921125317
2020-04-27,266.10638427734375,0.07326256391507391
2020-04-28,264.8827209472656,0.09256980415285043
2020-04-29,271.81695556640625,0.06190123654722446
2020-04-30,269.2861328125,0.09935314815284912
2020-05-01,262.1572265625,0.14289771986485333
2020-05-04,262.8803405761719,0.1312551347720583
2020-05-05,265.3091735839844,0.11464400859891888
2020-05-06,263.5107727050781,0.057554610044725285
2020-05-07,266.6905212402344,0.057459307019235295
2020-05-08,271.1031799316406,0.04995886197672572
2020-05-11,271.15875244140625,0.06994878074309008
2020-05-12,265.75421142578125,0.08717312832888968
2020-05-13,261.0540466308594,0.10717378173273318
2020-05-14,264.1782531738281,0.08782727800648593
2020-05-15,265.39263916015625,0.08979615210272396
2020-05-18,273.4764099121094,0.06245149267263872
2020-05-19,270.6675109863281,0.04609395197983868
2020-05-20,275.2655944824219,0.03964732214969491
2020-05-21,273.3651428222656,0.022010177023406463
2020-05-22,273.88427734375,0.03506569622848388
2020-05-26,277.25872802734375,0.0355657004887282
2020-05-27,281.3840026855469,0.02753093659477135
2020-05-28,280.864990234375,0.03509893752124227
2020-05-29,282.1164245605469,0.04641560487867724
2020-06-01,283.25665283203125,0.03145407646011744
2020-06-02,285.6020202636719,0.03080821750501972
2020-06-03,289.4028625488281,0.011479093504027649
2020-06-04,288.64276123046875,0.024497565404832944
2020-06-05,296.0405578613281,-0.009753153832776529
2020-06-08,299.618896484375,-0.008900263110934392
2020-06-09,297.3847351074219,0.0077193732841318585
2020-06-10,295.72528076171875,0.01003671083924318
2020-06-11,278.6770324707031,0.07493356376898075
2020-06-12,282.0143737792969,0.07079728087087966
2020-06-15,284.6471862792969,0.0631500863216965
2020-06-16,290.1259765625,0.0490108814193726
2020-06-17,288.92083740234375,0.040817934633928576
2020-06-18,289.0321960449219,0.033715950162427344
2020-06-19,287.38031005859375,0.04723964778985135
2020-06-22,289.223876953125,0.03396446325151237
2020-06-23,290.555419921875,0.041884187662536876
2020-06-24,283.1436462402344,0.06534271044640727
2020-06-25,286.17913818359375,0.06237172778553979
2020-06-26,279.3819580078125,0.09578419511189118
2020-06-29,283.48822021484375,0.08408345822556651
2020-06-30,287.11962890625,0.07702020846194269
2020-07-01,289.1307678222656,0.07667804805811795
2020-07-02,290.7230529785156,0.07154980578734094
2020-07-06,295.2110290527344,0.058413445013296705
2020-07-07,292.1662292480469,0.06061573040233226
2020-07-08,294.4009094238281,0.06724025853201576
2020-07-09,292.7249450683594,0.07141026005912621
2020-07-10,295.71380615234375,0.0606126966599414
2020-07-13,293.1532287597656,0.07327521368055212
2020-07-14,296.95220947265625,0.061833733619854225
2020-07-15,299.68035888671875,0.047786510814847194
2020-07-16,298.6933898925781,0.05452172318299153
2020-07-17,299.5592956542969,0.0552035720605597
2020-07-20,301.980224609375,0.057351034148778623
2020-07-21,302.6226806640625,0.058798407476952086
2020-07-22,304.3453063964844,0.06336032244547085
2020-07-23,300.7139892578125,0.07855439670153519
2020-07-24,298.7771911621094,0.09255795335213901
2020-07-27,300.9560546875,0.080718815201555
2020-07-28,299.0472106933594,0.09786085140397982
2020-07-29,302.72509765625,0.10020942174034375
2020-07-30,301.64501953125,0.06615033289142058
2020-07-31,304.02862548828125,0.0491550739228761
2020-08-03,306.142333984375,0.013443322309581118
2020-08-04,307.32489013671875,0.029479400168135994
2020-08-05,309.233642578125,0.005359634018384352
2020-08-06,311.3007507324219,-0.0008074933658983596
2020-08-07,311.52423095703125,0.011626537785072166
2020-08-10,312.455322265625,0.013707916834984957
2020-08-11,309.8760986328125,0.018088993324811176
2020-08-12,314.1965026855469,-0.004741544220239535
2020-08-13,313.6285095214844,-0.014418050285010753
2020-08-14,313.6378173828125,-0.025415956200101064
2020-08-17,314.63409423828125,-0.018607885795538848
2020-08-18,315.3138732910156,-0.043434000777181625
2020-08-19,314.00103759765625,-0.03687434555075586
2020-08-20,314.9786682128906,-0.024341015467065352
2020-08-21,316.0960388183594,-0.011642297835406712
2020-08-24,319.2991027832031,-0.02688545974291956
2020-08-25,320.4164123535156,-0.02292644202219074
2020-08-26,323.62872314453125,-0.026414221815189598
2020-08-27,324.3363952636719,-0.03776208839883499
2020-08-28,326.431396484375,-0.02698358267336698
2020-08-31,325.2488708496094,-0.03732868695142644
2020-09-01,328.3122253417969,-0.02971035407159328
2020-09-02,333.0610046386719,-0.03506835372612316
2020-09-03,321.59893798828125,0.008246985193042455
2020-09-04,318.9731750488281,0.03290033316708296
2020-09-08,310.2579040527344,0.054985028816614046
2020-09-09,316.3846435546875,0.028054867172642606
2020-09-10,310.8910217285156,0.04492829634454831
2020-09-11,311.04937744140625,0.04376497306932392
2020-09-14,315.14617919921875,0.014533864125166662
2020-09-15,316.7384338378906,0.013477170235531188
2020-09-16,315.4814453125,0.015589160292583504
2020-09-17,312.70672607421875,0.030221121301201803
2020-09-18,309.1065979003906,0.0457585075435849
2020-09-21,305.6664123535156,0.03798513130440195
2020-09-22,308.7794189453125,0.023978452837513542
2020-09-23,301.6185302734375,0.012459634483392268
2020-09-24,302.4224548339844,0.020031021882526368
2020-09-25,307.311767578125,-0.006661971528875044
2020-09-28,312.41595458984375,-0.011939343843060946
2020-09-29,310.714599609375,0.011011741300099631
2020-09-30,313.0704040527344,0.025829513726458808
2020-10-01,315.080322265625,0.03916431434506795
2020-10-02,312.0887756347656,0.048885814096186087
2020-10-05,317.62310791015625,0.04356000082245415
2020-10-06,313.1077575683594,0.05705671050881023
2020-10-07,318.5579528808594,0.046689531366890025
2020-10-08,321.381103515625,0.027430591692197526
2020-10-09,324.25115966796875,0.03243482249797691
2020-10-12,329.4674987792969,0.02877188393358243
2020-10-13,327.31744384765625,0.029960175424300406
2020-10-14,325.2607727050781,0.0239991105394044
2020-10-15,324.85882568359375,0.029582599262337306
2020-10-16,324.6624450683594,0.023150829263303807
2020-10-19,319.7264709472656,0.045174207346004636
2020-10-20,321.0071716308594,0.057778752121328436
2020-10-21,320.3995361328125,0.05815054826946797
2020-10-22,322.1570739746094,0.055309160481423536
2020-10-23,323.2508544921875,0.047081913589174906
2020-10-26,317.2771911621094,0.07846428508564252
2020-10-27,316.1834716796875,0.08447160906116391
2020-10-28,305.3765869140625,0.12254336646486608
2020-10-29,308.48028564453125,0.12082557649262249
2020-10-30,305.26446533203125,0.1303053332701516
2020-11-02,308.6859130859375,0.12104790697398515
2020-11-03,314.1361083984375,0.09171795090003387
2020-11-04,321.1568603515625,0.06750279465296694
2020-11-05,327.42022705078125,0.04585416257724684
2020-11-06,327.3454895019531,0.04140966583840311
2020-11-09,331.4587707519531,0.0423905518715586
2020-11-10,330.97265625,0.04555977734895955
2020-11-11,333.4312744140625,0.04365379947566672
2020-11-12,330.19677734375,0.04966909084456317
2020-11-13,334.7681884765625,0.031633728008938045
2020-11-16,338.9468994140625,0.017197863758993348
2020-11-17,337.1239318847656,0.023616991480940763
2020-11-18,333.0667419433594,0.040116984430266234
2020-11-19,334.468994140625,0.04465422979083722
2020-11-20,332.17864990234375,0.04985020436699528
2020-11-23,334.16986083984375,0.045083788444246764
2020-11-24,339.5545654296875,0.03373614257246915
2020-11-25,339.03094482421875,0.021238025644307656
2020-11-27,339.9753112792969,0.025415268927411416
2020-11-30,338.4701232910156,0.0361328462231818
2020-12-01,342.172119140625,0.04015083083785864
2020-12-02,342.8919982910156,0.043880922597552496
2020-12-03,342.7984619140625,0.037127453302020275
2020-12-04,345.7525939941406,0.028483212280446146
2020-12-07,345.04205322265625,0.03337658930769627
2020-12-08,346.05169677734375,0.026753127275799482
2020-12-09,342.9480285644531,0.028489673306536067
2020-12-10,342.8358459472656,0.036904605598428786
2020-12-11,342.4338073730469,0.05248808225315127
2020-12-14,340.9007568359375,0.058185138249961854
2020-12-15,345.5094909667969,0.040374839190913336
2020-12-16,346.05169677734375,0.04284116068702626
2020-12-17,347.98681640625,0.03542330536835059
2020-12-18,346.59735107421875,0.014166744883600035
2020-12-21,345.358154296875,0.026558988595257738
2020-12-22,344.77606201171875,0.007705957944069919
2020-12-23,345.0857849121094,0.02356034624330472
2020-12-24,346.4283752441406,0.034010658254465254
2020-12-28,349.4044494628906,0.026009746460150085
2020-12-29,348.7378234863281,0.0396546348390685
2020-12-30,349.2355041503906,0.042259140776331305
2020-12-31,351.00982666015625,0.04447973333078292
2021-01-04,346.2312927246094,0.0581901397643978
2021-01-05,348.6158752441406,0.05049396219791835
2021-01-06,350.70001220703125,0.04593761187385237
2021-01-07,355.9106140136719,0.03571616291870705
2021-01-08,357.93841552734375,0.028956700724345863
2021-01-11,355.52569580078125,0.03617724015023005
2021-01-12,355.6007385253906,0.03154949763244663
2021-01-13,356.5583801269531,0.02696242330664811
2021-01-14,355.3096618652344,0.02264457814095544
2021-01-15,352.718505859375,0.03140809560230773
2021-01-19,355.4880676269531,0.034649559308804756
2021-01-20,360.4075012207031,-0.004063139588849407
2021-01-21,360.7361145019531,-0.01009779451992332
2021-01-22,359.4593811035156,0.017498863420740696
2021-01-25,360.876953125,0.005593132505993914
2021-01-26,360.31365966796875,-0.0061750228132058105
2021-01-27,351.50750732421875,0.006116234501264861
2021-01-28,354.530517578125,0.015888605708611392
2021-01-29,347.4328918457031,0.03148081180315909
2021-02-01,353.21612548828125,0.029077984404259682
2021-02-02,358.21063232421875,0.021045939774640088
2021-02-03,358.49237060546875,0.030587947062239662
2021-02-04,362.56689453125,0.020378445787886612
2021-02-05,363.993896484375,0.022439431652558017
2021-02-08,366.6226501464844,0.013828203642055392
2021-02-09,366.3785400390625,0.01796286233000699
2021-02-10,366.2188720703125,0.0035890055715459557
2021-02-11,366.8103332519531,0.00011697520749587298
2021-02-12,368.62237548828125,0.0031473585021564165
2021-02-16,368.3031311035156,-0.00388571724026332
2021-02-17,368.38763427734375,-0.009176539511897897
2021-02-18,366.81976318359375,0.0006562423304590226
2021-02-19,366.17205810546875,0.018580305942480946
2021-02-22,363.3554992675781,0.02595731232015508
2021-02-23,363.7967224121094,0.02199441300151128
2021-02-24,367.8055725097656,0.014952888891396565
2021-02-25,358.943115234375,0.05124364810699822
2021-02-26,357.0934753417969,0.0718552966912307
2021-03-01,365.74951171875,0.0458702965736828
2021-03-02,362.8953857421875,0.055315895008104965
2021-03-03,358.0887145996094,0.0745582162241536
2021-03-04,353.65740966796875,0.09593234619471502
2021-03-05,360.16351318359375,0.07652731718567907
2021-03-08,358.370361328125,0.08512042837143241
2021-03-09,363.4869384765625,0.06619227688623885
2021-03-10,365.74951171875,0.07097910033308641
2021-03-11,369.4579162597656,0.06377289626302529
2021-03-12,369.9554443359375,0.057123000651670086
2021-03-15,372.1617126464844,0.043162379320368816
2021-03-16,371.6923828125,0.05436230501848338
2021-03-17,372.9597473144531,0.041182802429723164
2021-03-18,367.5332336425781,0.06801109560321739
2021-03-19,366.8532409667969,0.07222440774085648
2021-03-22,369.7825622558594,0.06350134335668756
2021-03-23,366.87200927734375,0.0716303619249985
2021-03-24,365.0071105957031,0.08396977965818131
2021-03-25,367.06048583984375,0.07082353453712953
2021-03-26,372.97564697265625,0.056113953695019925
2021-03-29,372.7872314453125,0.05012896738011041
2021-03-30,371.7982177734375,0.05325154123537201
2021-03-31,373.3053283691406,0.057376397193403816
2021-04-01,377.336669921875,0.05369293937321551
2021-04-05,382.7525329589844,0.028497209583612237
2021-04-06,382.52655029296875,0.01992017315229888
2021-04-07,382.9692687988281,-0.0029021916009045468
2021-04-08,384.78717041015625,0.004308213705672914
2021-04-09,387.5845947265625,0.012369716414605714
2021-04-12,387.7258605957031,0.009425658447409724
2021-04-13,388.875,-0.0022282638721472514
2021-04-14,387.5469665527344,-0.0014341129741157754
2021-04-15,391.7100830078125,-0.001418715324836728
2021-04-16,393.0193176269531,-0.00555990519671723
2021-04-19,391.0884094238281,0.009537357439631133
2021-04-20,388.22509765625,0.01472688454693527
2021-04-21,391.8984375,0.007210556087155817
2021-04-22,388.31927490234375,0.017027538959260013
2021-04-23,392.5295715332031,0.00791865660623925
2021-04-26,393.3489990234375,0.0049329441721246425
2021-04-27,393.2642517089844,0.0067302304282712555
2021-04-28,393.15118408203125,0.0032823665827355075
2021-04-29,395.65667724609375,0.00604672099498349
2021-04-30,393.0570068359375,0.011718447925618047
2021-05-03,393.90478515625,0.009756131952097125
2021-05-04,391.47467041015625,0.014508285961114975
2021-05-05,391.5970458984375,0.018905766681224234
2021-05-06,394.7242431640625,0.012503552562932452
2021-05-07,397.59698486328125,0.0074387928333499165
2021-05-10,393.659912109375,0.015648111454071634
2021-05-11,390.14654541015625,0.019072501459209246
2021-05-12,381.8578186035156,0.040847563322977676
2021-05-13,386.4449157714844,0.014617752927479355
2021-05-14,392.37890625,0.01357926348196603
2021-05-17,391.38043212890625,0.02159768522655492
2021-05-18,388.00848388671875,0.02923347025568601
2021-05-19,386.9911804199219,0.03804398527016195
2021-05-20,391.15435791015625,0.03064362934417164
2021-05-21,390.83416748046875,0.03356733823935221
2021-05-24,394.818359375,0.02368797521110877
2021-05-25,393.94244384765625,0.02682770836983961
2021-05-26,394.7242431640625,0.03046776932447348
2021-05-27,394.931396484375,0.0377994564918378
2021-05-28,395.63787841796875,0.03405940114446926
2021-06-01,395.28936767578125,0.038628742634241986
2021-06-02,395.9110107421875,0.028548596908768653
2021-06-03,394.441650390625,0.04340048142121389
2021-06-04,398.0491027832031,0.03764775911690266
2021-06-07,397.66302490234375,0.03511436368885534
2021-06-08,397.7477722167969,0.036438307459166985
2021-06-09,397.154296875,0.03444180522565321
2021-06-10,399.00048828125,0.02157919018837351
2021-06-11,399.6596984863281,0.004832297130226149
2021-06-14,400.55462646484375,0.016954945436221447
2021-06-15,399.8199462890625,0.027072198942089676
2021-06-16,397.5876159667969,0.03500174353214058
2021-06-17,397.4557800292969,0.04599668100730114
2021-06-18,392.0938720703125,0.06290377464988683
2021-06-21,397.7071228027344,0.0431258525604572
2021-06-22,399.8333435058594,0.03715354122074932
2021-06-23,399.351318359375,0.042711935799205625
2021-06-24,401.7138671875,0.03154551725395338
2021-06-25,403.1407470703125,0.02573792690389709
2021-06-28,403.95343017578125,0.03200212499355959
2021-06-29,404.1708068847656,0.026373712998822407
2021-06-30,404.5110168457031,0.03200493820566197
2021-07-01,406.7506103515625,0.028018433414833455
2021-07-02,409.8595886230469,0.019390513034018175
2021-07-06,409.1130676269531,0.02252096981481988
2021-07-07,410.55889892578125,0.02145200611839826
2021-07-08,407.2137145996094,0.03292947117111544
2021-07-09,411.56060791015625,0.023879546950033692
2021-07-12,413.0347595214844,0.02262736008295363
2021-07-13,411.626708984375,0.019399053275073852
2021-07-14,412.24102783203125,0.0067393310519727745
2021-07-15,410.8330078125,0.011753597635330237
2021-07-16,407.610595703125,0.027866631168568246
2021-07-19,401.5909729003906,0.052450910695853725
2021-07-20,407.34600830078125,0.039228976153127704
2021-07-21,410.6439514160156,0.033045676862950346
2021-07-22,411.5038757324219,0.02480154676313151
2021-07-23,415.7374267578125,0.02343519918396142
2021-07-26,416.758056640625,0.02541825298865108
2021-07-27,414.85858154296875,0.0285872106443934
2021-07-28,414.6885681152344,0.029555768235160373
2021-07-29,416.40838623046875,0.02845809450731296
2021-07-30,414.3861389160156,0.03322624083990955
2021-08-02,413.5167541503906,0.031696183877969464
2021-08-03,416.88079833984375,0.022124176906155313
2021-08-04,414.8302917480469,0.022780061647185823
2021-08-05,417.4573669433594,0.00833028552822701
2021-08-06,418.1471252441406,0.009243280740659277
2021-08-09,417.8069763183594,0.004614081428566896
2021-08-10,418.3266906738281,0.011746730621826629
2021-08-11,419.3662109375,0.007638814501049085
2021-08-12,420.623046875,-0.005158102285021782
2021-08-13,421.38848876953125,-0.02352329342764925
2021-08-16,422.3806457519531,-0.02673705105621016
2021-08-17,419.61187744140625,-0.010758669081433858
2021-08-18,415.0192565917969,0.012340662433082183
2021-08-19,415.6617736816406,0.012441113168073947
2021-08-20,418.9693298339844,0.0015745746510598124
2021-08-23,422.65478515625,-0.027166510512397823
2021-08-24,423.3257751464844,-0.027073852439877033
2021-08-25,424.2139587402344,-0.04097716918562688
2021-08-26,421.7098083496094,-0.023817702924329387
2021-08-27,425.4803161621094,-0.04494575760577335
2021-08-30,427.351318359375,-0.039233123156525496
2021-08-31,426.7182312011719,-0.033808913770105864
2021-09-01,426.94500732421875,-0.025973089321374654
2021-09-02,428.2585754394531,-0.030731815040884847
2021-09-03,428.1546325683594,-0.037515295153427664
2021-09-07,426.6236572265625,-0.03643901501072566
2021-09-08,426.10394287109375,-0.03179306337069365
2021-09-09,424.2801513671875,-0.011275201016887837
2021-09-10,420.9349060058594,0.0041720573079695455
2021-09-13,422.0121765136719,0.00457396123005438
2021-09-14,419.7347717285156,0.017816804856873425
2021-09-15,423.24066162109375,0.013350374042361501
2021-09-16,422.5696716308594,0.01760664207223006
2021-09-17,418.45343017578125,0.026551935029779372
2021-09-20,411.4760437011719,0.04955749902082185
2021-09-21,411.0874328613281,0.05149521773966592
2021-09-22,415.097412109375,0.03672424876737912
2021-09-23,420.140869140625,0.03416227118764237
2021-09-24,420.83306884765625,0.03455626591658878
2021-09-27,419.6290283203125,0.03930953592345365
2021-09-28,411.1727294921875,0.06497275947376835
2021-09-29,411.8647155761719,0.06967428752688853
2021-09-30,406.83087158203125,0.08801297783802808
2021-10-01,411.6656494140625,0.07896557756945044
2021-10-04,406.3567810058594,0.09399497532912582
2021-10-05,410.5849914550781,0.07915007593624779
2021-10-06,412.2913513183594,0.0660381527321725
2021-10-07,415.8559265136719,0.05724241120435969
2021-10-08,415.097412109375,0.06716776288510018
2021-10-11,412.09228515625,0.07531791898953166
2021-10-12,411.0779113769531,0.08223782258334533
2021-10-13,412.5567932128906,0.07573893597894044
2021-10-14,419.4963073730469,0.061536491742540056
2021-10-15,422.6910705566406,0.05162936769953319
2021-10-18,423.94244384765625,0.04557339300617791
2021-10-19,427.2131042480469,0.03894464994047042
2021-10-20,428.8910827636719,0.0376430661290319
2021-10-21,430.00970458984375,0.01186099230420834
2021-10-22,429.5641784667969,0.02533539633072257
2021-10-25,431.8677673339844,2.2117885787320546e-05
2021-10-26,432.2564697265625,-0.011974643078526248
2021-10-27,430.341552734375,0.007622133695358135
2021-10-28,434.49383544921875,-0.010691277552074774
2021-10-29,435.37548828125,-0.0010016553599005995
2021-11-01,436.12445068359375,0.01791150552455445
2021-11-02,437.88775634765625,0.01649695798352835
2021-11-03,440.56109619140625,0.003507614759620692
2021-11-04,442.63726806640625,0.008202787331624606
2021-11-05,444.1730651855469,-0.004183264153900357
2021-11-08,444.5522766113281,-0.011878145317846256
2021-11-09,443.08282470703125,0.006889553492135603
2021-11-10,439.518310546875,0.006104163993452039
2021-11-11,439.6605224609375,-0.0049256614725439185
2021-11-12,442.97857666015625,-0.022880816824913386
2021-11-15,443.1302185058594,-0.005868603203569411
2021-11-16,444.8840637207031,0.00011318455303865882
2021-11-17,443.80340576171875,0.008786492052631711
2021-11-18,445.3106384277344,0.019600205291428363
2021-11-19,444.51434326171875,0.020591938154501888
2021-11-22,443.262939453125,0.02478257936059891
2021-11-23,443.85076904296875,0.02059597766847343
2021-11-24,445.0358581542969,0.015312898260878116
2021-11-26,435.11004638671875,0.044487233061522025
2021-11-29,440.4473571777344,0.03148467089631035
2021-11-30,431.8773193359375,0.03175337392758881
2021-12-01,427.0803527832031,0.042361790491725726
2021-12-02,433.6216735839844,0.02257871202692119
2021-12-03,429.8485412597656,0.030271041172992286
2021-12-06,434.93939208984375,0.027486206588309026
2021-12-07,443.93609619140625,0.009384887417234866
2021-12-08,445.111572265625,-0.007151801498154087
2021-12-09,442.1064147949219,5.660269388751971e-06
2021-12-10,446.26812744140625,-0.026864635471822607
2021-12-13,442.3149719238281,-0.028362103266801997
2021-12-14,439.2718200683594,-0.03245957238330066
2021-12-15,446.1354675292969,-0.06604618506902715
2021-12-16,442.2012023925781,-0.05373508398763871
2021-12-17,437.4949035644531,-0.05523306528473093
2021-12-20,432.8428649902344,-0.04747459969915524
2021-12-21,440.5296630859375,-0.06871680181244888
2021-12-22,444.9344177246094,-0.05503651640637053
2021-12-23,447.702880859375,-0.043965206503903675
2021-12-27,454.038818359375,-0.050936675121239894
2021-12-28,453.6677551269531,-0.040933526214727345
2021-12-29,454.2481384277344,-0.06467300910868623
2021-12-30,452.9923095703125,-0.05766963547784598
2021-12-31,451.85064697265625,-0.058320740671400584
2022-01-03,454.4668884277344,-0.0560382504102378
2022-01-04,454.314697265625,-0.04190143550903258
2022-01-05,445.59088134765625,-0.04069344807885311
2022-01-06,445.1722412109375,-0.058725390754928
2022-01-07,443.41229248046875,-0.0580791086746667
2022-01-10,442.8605041503906,-0.04169614584913239
2022-01-11,446.89422607421875,-0.049281642848899465
2022-01-12,448.1023864746094,-0.07209880750525477
2022-01-13,441.92822265625,-0.0652273473072219
2022-01-14,442.1089172363281,-0.07563685435760625
2022-01-18,434.279296875,-0.07566415262355464
2022-01-19,429.7699890136719,-0.051909210895095925
2022-01-20,425.01324462890625,-0.020145497533753942
2022-01-21,416.669921875,-0.003082226896664819
2022-01-24,418.4394836425781,-0.022417217758183394
2022-01-25,413.3307189941406,0.007871665290536622
2022-01-26,412.2938232421875,0.005376148293817495
2022-01-27,410.25787353515625,0.002156682905202878
2022-01-28,420.44677734375,-0.05095592718404318
2022-01-31,428.01953125,-0.07481499206008779
2022-02-01,430.9115905761719,-0.05638595900556309
2022-02-02,435.0975341796875,-0.06968399854221807
2022-02-03,424.87054443359375,-0.059404224546223405
2022-02-04,426.868408203125,-0.07064859621619801
2022-02-07,425.4983825683594,-0.047153531112376745
2022-02-08,428.9993591308594,-0.033973513405808786
2022-02-09,435.27825927734375,-0.03599676594267287
2022-02-10,427.458251953125,-0.007609507050498898
2022-02-11,419.0293273925781,0.012056804167986934
2022-02-14,417.6593017578125,0.02725784130482123
2022-02-15,424.3949279785156,-0.002065138549950496
2022-02-16,424.87054443359375,0.011843853517536473
2022-02-17,415.79473876953125,0.038979323088359275
2022-02-18,413.1024169921875,0.05318914582308332
2022-02-22,408.669189453125,0.0777842463359717
2022-02-23,401.419921875,0.09047283021208896
2022-02-24,407.4609680175781,0.05777032869494114
2022-02-25,416.4511413574219,0.03786880679710958
2022-02-28,415.3856506347656,0.04944473941870742
2022-03-01,409.0592346191406,0.05221435635922966
2022-03-02,416.5843200683594,0.022876151915277143
2022-03-03,414.5103759765625,0.033173801686795734
2022-03-04,411.1426696777344,0.03885142896291893
2022-03-07,399.02252197265625,0.052110527052420696
2022-03-08,395.99725341796875,0.0562200110696347
2022-03-09,406.6142272949219,0.04042311824547329
2022-03-10,404.7781982421875,0.03212841716519255
2022-03-11,399.6314392089844,0.04585088662397441
2022-03-14,396.71075439453125,0.07055777420189124
2022-03-15,405.43463134765625,0.04674541345829164
2022-03-16,414.42474365234375,0.008725341258789765
2022-03-17,419.6096496582031,-0.03107550388664715
2022-03-18,424.20550537109375,-0.03601638978426902
2022-03-21,424.08148193359375,-0.06366031768739622
2022-03-22,429.0437927246094,-0.07188766523599599
2022-03-23,423.51849365234375,-0.03602970603380029
2022-03-24,429.90264892578125,-0.0854403157509912
2022-03-25,432.00213623046875,-0.08440632937091852
2022-03-28,435.0749816894531,-0.08670576872911007
2022-03-29,440.45721435546875,-0.07039311983134089
2022-03-30,437.7375183105469,-0.09786372256189324
2022-03-31,431.0001220703125,-0.08923032848800239
2022-04-01,432.2216491699219,-0.12088210729349824
2022-04-04,435.9242858886719,-0.12633524467692547
2022-04-05,430.4179992675781,-0.12921533895110282
2022-04-06,426.1141662597656,-0.12133832570276004
2022-04-07,428.2612609863281,-0.10484195944422059
2022-04-08,427.11614990234375,-0.10608412187078042
2022-04-11,419.8157958984375,-0.07183137251823213
2022-04-12,418.2602233886719,-0.1059344494796306
2022-04-13,423.05084228515625,-0.12147270375609642
2022-04-14,417.7830810546875,-0.11000717608493726
2022-04-18,417.95489501953125,-0.09372799010714872
2022-04-19,424.7017822265625,-0.11493351694102916
2022-04-20,424.3868408203125,-0.10645140320493407
2022-04-21,418.0407409667969,-0.07476158275600753
2022-04-22,406.570068359375,-0.025302781282295017
2022-04-25,408.9271545410156,-0.03635858198582431
2022-04-26,397.0843200683594,-0.0156452762864443
2022-04-27,398.2008361816406,0.00028777816480296536
2022-04-28,408.2592468261719,-0.040368627548888925
2022-04-29,393.171630859375,-0.0005095685564919794
2022-05-02,395.5384216308594,0.0030398110393154987
2022-05-03,397.3514709472656,-0.01239246404856742
2022-05-04,409.4520568847656,-0.06437331951993475
2022-05-05,394.8988952636719,-0.05802173670621136
2022-05-06,392.5418395996094,-0.08834530803570073
2022-05-09,379.9737854003906,-0.061029408044233624
2022-05-10,380.8516845703125,-0.04983842622463208
2022-05-11,374.8013916015625,-0.06645438518381963
2022-05-12,374.4101867675781,-0.06346448389324588
2022-05-13,383.36151123046875,-0.062306688669549914
2022-05-16,381.805908203125,-0.060193192942923246
2022-05-17,389.65985107421875,-0.07010900526566655
2022-05-18,373.9520568847656,-0.00024221332710283594
2022-05-19,371.6617126464844,0.002076345159558901
2022-05-20,371.8239440917969,-0.018827181088658884
2022-05-23,378.78082275390625,-0.03763222200647931
2022-05-24,375.8893127441406,-0.03810803172586885
2022-05-25,379.21026611328125,-0.036447479881235756
2022-05-26,386.787353515625,-0.053539192226631505
2022-05-27,396.28271484375,-0.07309760075013527
2022-05-31,394.05914306640625,-0.053906631775492486
2022-06-01,390.871826171875,-0.04697641053059598
2022-06-02,398.3154296875,-0.07546965982224951
2022-06-03,391.77838134765625,-0.06836096606628839
2022-06-06,392.9712829589844,-0.0760668556202615
2022-06-07,396.74078369140625,-0.08706776913513903
2022-06-08,392.42730712890625,-0.059399607653997655
2022-06-09,383.0942687988281,-0.04444010558873557
2022-06-10,371.9861755371094,0.01068384640457154
2022-06-13,357.86260986328125,0.05726732797552736
2022-06-14,356.7842102050781,0.07126195513597722
2022-06-15,361.8706359863281,0.046404819385623464
2022-06-16,349.8941955566406,0.08353677996094833
2022-06-17,350.6484375,0.06841424857407041
2022-06-21,359.47552490234375,0.06924022780991801
2022-06-22,358.82379150390625,0.08461789813826193
2022-06-23,362.3411865234375,0.08974769725017584
2022-06-24,373.8614807128906,0.053040346370609504
2022-06-27,372.43341064453125,0.05010415524613521
2022-06-28,364.82354736328125,0.08879548502836321
2022-06-29,364.5264587402344,0.08894663227179223
2022-06-30,361.5649108886719,0.09601039318912541
2022-07-01,365.3890075683594,0.08328083355751703
2022-07-05,366.0790710449219,0.07694520668650773
2022-07-06,367.3153991699219,0.09586421485003016
2022-07-07,372.8167419433594,0.07969346927779974
2022-07-08,372.51007080078125,0.09887567269983566
2022-07-11,368.25469970703125,0.11615434529132007
2022-07-12,364.99603271484375,0.12832505169232267
2022-07-13,363.0791931152344,0.12623074376297505
2022-07-14,362.19744873046875,0.1322536842525659
2022-07-15,369.1172790527344,0.096097430103673
2022-07-18,366.06951904296875,0.082209579932784
2022-07-19,375.9604187011719,0.051189210965308485
2022-07-20,378.3564453125,0.047876090177241704
2022-07-21,382.2093505859375,0.05195710141520804
2022-07-22,378.6631774902344,0.02586735127681372
2022-07-25,379.12322998046875,0.017847624306635
2022-07-26,374.6377868652344,0.018726421215283562
2022-07-27,384.3656921386719,-0.014611872508663248
2022-07-28,389.18670654296875,-0.023764533003159283
2022-07-29,394.8604736328125,-0.04793795214822283
2022-08-01,393.69122314453125,-0.04871340386407508
2022-08-02,391.0938720703125,-0.025192417476397888
2022-08-03,397.2182312011719,-0.03394863279150728
2022-08-04,396.9498596191406,-0.018277648631882526
2022-08-05,396.2789001464844,-0.006046159851776589
2022-08-08,395.81890869140625,-0.048160960429736055
2022-08-09,394.2471008300781,-0.040719689126350156
2022-08-10,402.5278015136719,-0.07112068197565269
2022-08-11,402.5278015136719,-0.07820694280400098
2022-08-12,409.3422546386719,-0.08652290367632132
2022-08-15,411.0290832519531,-0.1007140236762526
2022-08-16,411.83416748046875,-0.11812842729245587
2022-08-17,408.91094970703125,-0.11928456293714385
2022-08-18,410.0993957519531,-0.13655025246431107
2022-08-19,404.5885009765625,-0.13344737144613983
2022-08-22,396.1639404296875,-0.11727905095713131
2022-08-23,395.2055358886719,-0.09772746840853286
2022-08-24,396.4706726074219,-0.11939405849232321
2022-08-25,402.0678405761719,-0.14508060328688688
2022-08-26,388.45819091796875,-0.09176684606282448
2022-08-29,385.8896789550781,-0.057391109870727486
2022-08-30,381.6534118652344,-0.04914737455620366
2022-08-31,378.7493896484375,-0.051740733518869764
2022-09-01,379.9378662109375,-0.08107493097883312
2022-09-02,375.9316711425781,-0.07837323758380565
2022-09-06,374.51318359375,-0.08074137258915548
2022-09-07,381.24127197265625,-0.09994297384817818
2022-09-08,383.73321533203125,-0.08218856592522605
2022-09-09,389.6945495605469,-0.11682452053175729
2022-09-12,393.8829345703125,-0.1037622466869289
2022-09-13,376.7558898925781,-0.05201094128185757
2022-09-14,378.1934814453125,-0.0623067200187466
2022-09-15,373.8997497558594,-0.05949176894088748
2022-09-16,371.0473327636719,-0.02923030092826573
2022-09-19,373.9247741699219,-0.024912984960866358
2022-09-20,369.6326904296875,0.002160810110596545
2022-09-21,363.1848449707031,0.012268628746489485
2022-09-22,360.1341857910156,0.015391991629096768
2022-09-23,354.1002197265625,0.05726312737672412
2022-09-26,350.59722900390625,0.06011348868464372
2022-09-27,349.70220947265625,0.05817606742343728
2022-09-28,356.5830993652344,0.011712852437606447
2022-09-29,349.1344299316406,0.022657613515987274
2022-09-30,343.735595703125,0.05367030649721838
2022-10-03,352.81060791015625,0.03638757127690262
2022-10-04,363.7430419921875,0.010662353600916497
2022-10-05,362.8961486816406,-0.007849634958294605
2022-10-06,359.1526184082031,0.05758293196545794
2022-10-07,349.1344299316406,0.09845900117276996
2022-10-10,346.46868896484375,0.09749446097739423
2022-10-11,344.27447509765625,0.11390956589138757
2022-10-12,343.1388854980469,0.10907014645621316
2022-10-13,352.1947326660156,0.07724684696800033
2022-10-14,344.1686706542969,0.10737348571994043
2022-10-17,353.01275634765625,0.07570454588286069
2022-10-18,357.16046142578125,0.07752006804156797
2022-10-19,354.6294860839844,0.09204897311208415
2022-10-20,351.6557922363281,0.10103725079204251
2022-10-21,360.2015075683594,0.05776295905061413
2022-10-24,364.60919189453125,0.043180865910682265
2022-10-25,370.431396484375,0.059129304475685984
2022-10-26,367.640625,0.06638392050767128
2022-10-27,365.6773681640625,0.07087209397425376
2022-10-28,374.3771057128906,0.027170864625477797
2022-10-31,371.6728515625,0.019730230193408804
2022-11-01,370.0465087890625,0.022469495329088263
2022-11-02,360.75970458984375,0.05700648672480879
2022-11-03,357.04498291015625,0.060025385374776086
2022-11-04,362.1839904785156,0.060050665463435626
2022-11-07,365.6485290527344,0.05795483747498564
2022-11-08,367.62139892578125,0.04554948283353322
2022-11-09,360.04754638671875,0.04142943089350948
2022-11-10,379.83367919921875,-0.024475048588385895
2022-11-11,383.5098571777344,-0.042018720521155184
2022-11-14,380.2474670410156,-0.03247742025268319
2022-11-15,383.4906311035156,-0.026315389487420293
2022-11-16,380.5650939941406,-0.03282768889455212
2022-11-17,379.4006652832031,-0.024278886739363403
2022-11-18,381.1232604980469,-0.032519215252060585
2022-11-21,379.7374267578125,-0.04105612077115628
2022-11-22,384.8475646972656,-0.036757241973770616
2022-11-23,387.27276611328125,-0.04531064004424212
2022-11-25,387.1861267089844,-0.04911716939320887
2022-11-28,381.0078125,-0.026237850888884306
2022-11-29,380.35333251953125,-0.0356952643327858
2022-11-30,392.3347473144531,-0.04370573330403449
2022-12-01,392.0460510253906,-0.04354401351645365
2022-12-02,391.59368896484375,-0.035723988216097236
2022-12-05,384.54925537109375,-0.005640306930213779
2022-12-06,379.00604248046875,0.012576101493888103
2022-12-07,378.36126708984375,0.018236684174128603
2022-12-08,381.3253479003906,0.008470966091246313
2022-12-09,378.47674560546875,1.9674363481936297e-05
2022-12-12,383.9333801269531,-0.021369588360102165
2022-12-13,386.8396301269531,-0.010627754376965948
2022-12-14,384.3663635253906,0.007685878358706155
2022-12-15,374.964111328125,0.03184500730213102
2022-12-16,370.5372314453125,0.04456411770151347
2022-12-19,367.395263671875,0.06507537955584963
2022-12-20,367.89801025390625,0.0660638216509577
2022-12-21,373.39892578125,0.037179981326523004
2022-12-22,368.072021484375,0.06766122896771942
2022-12-23,370.1892395019531,0.07283690897575101
2022-12-27,368.72943115234375,0.09276346684459846
2022-12-28,364.1468811035156,0.09475372233417256
2022-12-29,370.7016296386719,0.06882412180436392
2022-12-30,369.7251892089844,0.08566270922658448
2023-01-03,368.16864013671875,0.07833092260954988
2023-01-04,371.010986328125,0.06079324599367886
2023-01-05,366.7765197753906,0.07554432808064004
2023-01-06,375.1874694824219,0.06377549049169184
2023-01-09,374.97479248046875,0.06388906025095764
2023-01-10,377.6044006347656,0.05991098119739857
2023-01-11,382.3802795410156,0.032261473154040265
2023-01-12,383.7724609375,0.025947289704643772
2023-01-13,385.2613220214844,0.001480484810059579
2023-01-17,384.5555419921875,0.0019358602841208494
2023-01-18,378.48419189453125,0.02342340090484174
2023-01-19,375.7288818359375,0.01991555475993767
2023-01-20,382.7283935546875,0.004672981404396648
2023-01-23,387.320556640625,-0.010907820216645159
2023-01-24,386.90484619140625,-0.013643292550664987
2023-01-25,387.0498962402344,-0.006344630241260418
2023-01-26,391.30364990234375,-0.0013836118156596022
2023-01-27,392.2027587890625,-0.0029826404288926245
2023-01-30,387.2818908691406,-0.005791597825546502
2023-01-31,392.9762268066406,-0.018598676948010984
2023-02-01,397.1526794433594,-0.046835387303989395
2023-02-02,402.9340515136719,-0.07406775693095302
2023-02-03,398.6511535644531,-0.06545394890500278
2023-02-06,396.21484375,-0.04416441349291633
2023-02-07,401.3968505859375,-0.062405211536981864
2023-02-08,397.00762939453125,-0.035407166619546016
2023-02-09,393.5659484863281,-0.03834932142527869
2023-02-10,394.4844055175781,-0.03136286680078426
2023-02-13,399.115234375,-0.030030566878887388
2023-02-14,398.93157958984375,-0.04612616554685944
2023-02-15,400.22705078125,-0.04664352204864186
2023-02-16,394.7164306640625,-0.026990425595412093
2023-02-17,393.7303161621094,-0.022729465874991472
2023-02-21,385.8316955566406,-0.004961665145263416
2023-02-22,385.29998779296875,0.010894213382271367
2023-02-23,387.3495788574219,0.011432896984409302
2023-02-24,383.21173095703125,0.03676387555643901
2023-02-27,384.5168762207031,0.03718203289579103
2023-02-28,383.0957336425781,0.03525397065516178
2023-03-01,381.6261901855469,0.03651942119420304
2023-03-02,384.5942077636719,0.032532418670341956
2023-03-03,390.7622375488281,0.0172772112797559
2023-03-06,391.032958984375,0.016846078252025443
2023-03-07,385.0389099121094,0.028466535705326645
2023-03-08,385.6673889160156,0.04042912118481201
2023-03-09,378.5518798828125,0.057396463251552676
2023-03-10,373.0896301269531,0.07672713557616628
2023-03-13,372.557861328125,0.07896730793048734
2023-03-14,378.71624755859375,0.061242614087895664
2023-03-15,376.34759521484375,0.06209416064893114
2023-03-16,382.9507141113281,0.044591601135081316
2023-03-17,378.47296142578125,0.05805285393203352
2023-03-20,382.11224365234375,0.03134049258153504
2023-03-21,387.12957763671875,0.013662096027720505
2023-03-22,380.5303955078125,0.051771081110125516
2023-03-23,381.5590515136719,0.057888604804299026
2023-03-24,384.0628662109375,0.049930663334014636
2023-03-27,384.7810363769531,0.03619263346447488
2023-03-28,383.9173278808594,0.03139528034643013
2023-03-29,389.4975280761719,0.009418121288359282
2023-03-30,391.7781066894531,0.022120404727139498
2023-03-31,397.3000793457031,0.008182903261908292
2023-04-03,398.8139953613281,-4.86672481739836e-05
2023-04-04,396.60137939453125,0.01022812387415839
2023-04-05,395.5629577636719,0.011113651051894324
2023-04-06,397.1059875488281,0.005865111879320262
2023-04-10,397.5135192871094,0.008300652485854432
2023-04-11,397.6203308105469,0.001293630479729968
2023-04-12,395.9996337890625,0.01759594319286295
2023-04-13,401.25958251953125,0.013930894185895548
2023-04-14,400.2794189453125,0.014934712049596621
2023-04-17,401.7157287597656,0.0117166350601412
2023-04-18,401.9777526855469,-0.00028978120038958277
2023-04-19,401.9098205566406,-0.007364814950225784
2023-04-20,399.7165832519531,0.006725117199969155
2023-04-21,400.027099609375,0.01897141673141034
2023-04-24,400.44439697265625,0.018297237825225077
2023-04-25,394.08782958984375,0.028984386071288393
2023-04-26,392.4185791015625,0.04317947312542758
2023-04-27,400.2308654785156,0.03760837498803826
2023-04-28,403.64697265625,0.026855367746945857
2023-05-01,403.2393798828125,0.030131424677530605
2023-05-02,398.707275390625,0.03823866193539294
2023-05-03,395.97052001953125,0.051737774064015474
2023-05-04,393.1658630371094,0.06114089610400608
2023-05-05,400.44439697265625,0.05130492383568619
2023-05-08,400.5511474609375,0.05795428052472862
2023-05-09,398.7945861816406,0.06387956075823897
2023-05-10,400.6578674316406,0.07206013486272922
2023-05-11,399.9591064453125,0.07027497623200607
2023-05-12,399.43505859375,0.06611915571675331
2023-05-15,400.8131408691406,0.05700988552857145
2023-05-16,398.13470458984375,0.06796203426041147
2023-05-17,402.9676208496094,0.047176696510409455
2023-05-18,406.8494873046875,0.032947549454515945
2023-05-19,406.2574768066406,0.04579385370386446
2023-05-22,406.4224853515625,0.04589652890764828
2023-05-23,401.86126708984375,0.061936834143492714
2023-05-24,398.9498291015625,0.0823096802304144
2023-05-25,402.40472412109375,0.07425179345545185
2023-05-26,407.6161804199219,0.05894008632478198
2023-05-30,407.77142333984375,0.05024789224609094
2023-05-31,405.5102233886719,0.053437904766334254
2023-06-01,409.3630065917969,0.04616458005426716
2023-06-02,415.28289794921875,0.03781888434662273
2023-06-05,414.487060546875,0.04817782650925739
2023-06-06,415.3895568847656,0.05420172743826268
2023-06-07,413.95330810546875,0.05720052059719172
2023-06-08,416.4571533203125,0.0544932212496303
2023-06-09,417.2043762207031,0.060425926414932496
2023-06-12,420.9891662597656,0.05322939015538486
2023-06-13,423.7648010253906,0.039388949601845136
2023-06-14,424.2694091796875,0.038152744190596444
2023-06-15,429.5293273925781,0.030020710038361376
2023-06-16,428.06622314453125,0.03636284178499083
2023-06-20,425.8453674316406,0.0419278174925064
2023-06-21,423.6634521484375,0.04035035501985074
2023-06-22,425.1927490234375,0.0467572151761364
2023-06-23,421.9783020019531,0.056739217140478804
2023-06-26,420.2541809082031,0.05803822832353078
2023-06-27,424.861572265625,0.032005915299847754
2023-06-28,425.07586669921875,0.028529489005796993
2023-06-29,426.75128173828125,0.01985799839900304
2023-06-30,431.7872619628906,0.016761274185346453
2023-07-03,432.28399658203125,0.01117642665252494
2023-07-05,431.64111328125,0.005912535732425672
2023-07-06,428.2610778808594,0.014215585987545687
2023-07-07,427.1798400878906,0.016189867728774177
2023-07-10,428.2610778808594,0.01921941296743679
2023-07-11,430.9884338378906,0.0009719153565530547
2023-07-12,434.4561462402344,-0.014304249452050555
2023-07-13,437.9043884277344,-0.029517638237703148
2023-07-14,437.63165283203125,-0.028445471975020897
2023-07-17,439.1512451171875,-0.025507939203791907
2023-07-18,442.4143371582031,-0.035315433164841425
2023-07-19,443.3981628417969,-0.026735546470294302
2023-07-20,440.4564514160156,-0.033813771155951744
2023-07-21,440.4564514160156,-0.027002516546077437
2023-07-24,442.4241027832031,-0.025187149681738408
2023-07-25,443.6319274902344,-0.01378888019761526
2023-07-26,443.70013427734375,-0.009879039829382208
2023-07-27,440.7584228515625,-0.004729286040103697
2023-07-28,445.0735778808594,-0.012540513958592459
2023-07-31,445.9210205078125,-0.01867671233251711
2023-08-01,444.6449890136719,-0.02247633119464232
2023-08-02,438.45965576171875,-0.011729920543985362
2023-08-03,437.20306396484375,-0.007396900937927331
2023-08-04,435.2257080078125,0.003670517693961095
2023-08-07,439.0245666503906,-0.010472296003665282
2023-08-08,437.1153869628906,-0.004991553330540244
2023-08-09,434.1932067871094,0.01034212061688633
2023-08-10,434.34906005859375,-0.002188965589924652
2023-08-11,434.0958251953125,-0.001021480476014136
2023-08-14,436.49200439453125,-0.008565773402307353
2023-08-15,431.4073181152344,-0.006102421734598518
2023-08-16,428.2415771484375,-0.015304055835617336
2023-08-17,424.9784851074219,-0.009974511146481402
2023-08-18,425.1830139160156,-0.006289441795263251
2023-08-21,427.94940185546875,-0.02721762447331344
2023-08-22,426.790283203125,-0.02418630333046745
2023-08-23,431.5436706542969,-0.029339947186949433
2023-08-24,425.5629577636719,-0.018087254740048464
2023-08-25,428.5630187988281,-0.025348723324455702
2023-08-28,431.28070068359375,-0.04445505535370764
2023-08-29,437.5147399902344,-0.05121123500094127
2023-08-30,439.3168029785156,-0.05545914833441734
2023-08-31,438.6739501953125,-0.0428441595195036
2023-09-01,439.49212646484375,-0.03850949894863498
2023-09-05,437.5926818847656,-0.029309918092825904
2023-09-06,434.6510009765625,-0.01873718110204814
2023-09-07,433.3165588378906,-0.021716022426217396
2023-09-08,433.9691162109375,-0.028052572730533076
2023-09-11,436.8232116699219,-0.02424341840750721
2023-09-12,434.4269714355469,-0.01890637663279804
2023-09-13,434.9335021972656,-0.033106811505356326
2023-09-14,438.6836853027344,-0.0497954508821592
2023-09-15,433.3982849121094,-0.05002600060063678
2023-09-18,433.65240478515625,-0.05222822475732103
2023-09-19,432.75311279296875,-0.04309805595786986
2023-09-20,428.7746887207031,-0.04808062069927099
2023-09-21,421.687744140625,-0.04367295842541219
2023-09-22,420.7395324707031,-0.04586236987818704
2023-09-25,422.50885009765625,-0.03849807544654049
2023-09-26,416.3016357421875,-0.01803323008858637
2023-09-27,416.4678039550781,-0.007956800475891201
2023-09-28,418.8822021484375,0.005227477449254447
2023-09-29,417.8656921386719,0.016866162166299326
2023-10-02,417.6994934082031,0.01961098333133271
2023-10-03,412.10809326171875,0.036386072883224374
2023-10-04,415.10906982421875,0.029647278613445627
2023-10-05,414.9526672363281,0.02200230062596109
2023-10-06,419.87933349609375,0.02577157889396653
2023-10-09,422.5675048828125,0.018274617504310697
2023-10-10,424.7668762207031,0.032655205445369706
2023-10-11,426.5068664550781,0.03061954981107662
2023-10-12,423.9066467285156,0.03820979883263265
2023-10-13,421.795166015625,0.04470478499114128
2023-10-16,426.2331237792969,0.04178514101326103
2023-10-17,426.2135314941406,0.0395625427595907
2023-10-18,420.53424072265625,0.05766953510962858
2023-10-19,416.8392333984375,0.06770172138667951
2023-10-20,411.71710205078125,0.0790379853572114
2023-10-23,411.0035095214844,0.081981766385405
2023-10-24,414.102294921875,0.07312969036584338
2023-10-25,408.158935546875,0.09304281743418397
2023-10-26,403.2713928222656,0.11283488758510885
2023-10-27,401.44342041015625,0.112033845761351
2023-10-30,406.2430725097656,0.09867896635557116
2023-10-31,408.79437255859375,0.08742234446010988
2023-11-01,413.154052734375,0.08415744389666235
2023-11-02,421.0718994140625,0.06834429604272718
2023-11-03,424.9134826660156,0.06280338404711716
2023-11-06,425.8909912109375,0.06520696070594201
2023-11-07,427.10308837890625,0.07683157376819127
2023-11-08,427.4159240722656,0.07949689998225695
2023-11-09,424.08258056640625,0.08619040498295316
2023-11-10,430.7002868652344,0.07551724497096224
2023-11-13,430.2897644042969,0.08308957579699183
2023-11-14,438.6377258300781,0.04775367572650957
2023-11-15,439.5663146972656,0.055453980637903744
2023-11-16,440.1040344238281,0.05628302356877102
2023-11-17,440.65142822265625,0.05942552758568209
2023-11-20,444.0433349609375,0.0532338190836108
2023-11-21,443.07562255859375,0.05593282374691633
2023-11-22,444.7862548828125,0.04882661500473828
2023-11-24,445.0599670410156,0.04231559495259263
2023-11-27,444.2583923339844,0.035668724878428204
2023-11-28,444.69830322265625,0.03131141540202731
2023-11-29,444.3854675292969,0.03345094156056638
2023-11-30,446.13519287109375,0.044093429914772386
2023-12-01,448.77447509765625,0.03637830131185438
2023-12-04,446.4186706542969,0.047739623209807736
2023-12-05,446.3307189941406,0.047484285007587834
2023-12-06,444.5321350097656,0.05245094731179489
2023-12-07,447.9240417480469,0.04064670083443622
2023-12-08,449.8497619628906,0.03043204867727578
2023-12-11,451.5994873046875,0.035567615433748756
2023-12-12,453.66204833984375,0.043710316934441495
2023-12-13,459.9180908203125,0.03168985486705367
2023-12-14,461.3941650390625,0.03138865864089624
2023-12-15,460.6344299316406,0.03421913600633464
2023-12-18,463.2255859375,0.03402752596749603
2023-12-19,466.0423583984375,0.02647224763667433
2023-12-20,459.58428955078125,0.0491393629257717
2023-12-21,463.9420166015625,0.03848116080221797
2023-12-22,464.8744201660156,0.019487028330916978
2023-12-26,466.8373718261719,0.028487329845273024
2023-12-27,467.68145751953125,0.03743892490342238
2023-12-28,467.85809326171875,0.03327098814449947
2023-12-29,466.503662109375,0.03927970707541717
2024-01-02,463.8929443359375,0.05384529964257245
2024-01-03,460.1045227050781,0.06299174786533257
2024-01-04,458.6224365234375,0.07259035382954915
2024-01-05,459.2505798339844,0.07065310458568486
2024-01-08,465.80682373046875,0.041045148188908476
2024-01-09,465.1001281738281,0.05210197553200868
2024-01-10,467.73052978515625,0.05340358073033058
2024-01-11,467.5244140625,0.04861969837805091
2024-01-12,467.8482666015625,0.0421247853618405
2024-01-16,466.13067626953125,0.0469122708467955
2024-01-17,463.53961181640625,0.07455166036331184
2024-01-18,467.66180419921875,0.06581463660886722
2024-01-19,473.49176025390625,0.04883606445166855
2024-01-22,474.4928283691406,0.04856754626152093
2024-01-23,475.876708984375,0.0441364519946994
2024-01-24,476.3969421386719,0.04674574767425277
2024-01-25,478.9880065917969,0.05085744754906818
2024-01-26,478.3795471191406,0.051065733552672965
2024-01-29,482.16796875,0.032385402742334035
2024-01-30,481.7950439453125,0.03841992315419951
2024-01-31,473.9334411621094,0.06612407292252831
2024-02-01,480.1363220214844,0.04603426392511034
2024-02-02,485.1909484863281,0.03424687130807946
2024-02-05,483.4241943359375,0.04919314905190664
2024-02-06,484.8277893066406,0.04451578372711951
2024-02-07,488.87139892578125,0.03382861389153535
2024-02-08,489.0873107910156,0.026276435032592804
2024-02-09,491.91400146484375,0.026443389487635693
2024-02-12,491.69805908203125,0.03260093339346248
2024-02-13,484.9259338378906,0.056705474802381195
2024-02-14,489.332763671875,0.05064967592290004
2024-02-15,492.7090148925781,0.04147211576226062
2024-02-16,490.25531005859375,0.04379270158159332
2024-02-20,487.5562744140625,0.04763247231326706
2024-02-21,487.9979248046875,0.055480567599349495
2024-02-22,498.0972595214844,0.03388217282675621
2024-02-23,498.4407958984375,0.03137200062597545
2024-02-26,496.615234375,0.028581852442511213
2024-02-27,497.53778076171875,0.027802377405629963
2024-02-28,496.8802185058594,0.016600466865674512
2024-02-29,498.6664733886719,0.023541240330733126
2024-03-01,503.3481140136719,0.014588590766504872
2024-03-04,502.808349609375,0.01685254889165
2024-03-05,497.7831726074219,0.016833054805549974
2024-03-06,500.3055725097656,0.019341756042281943
2024-03-07,505.2718505859375,-0.004609057285887341
2024-03-08,502.2390441894531,-0.011144004852780554
2024-03-11,501.8072204589844,-0.012098117771222272
2024-03-12,507.2053527832031,-0.028396631669896144
2024-03-13,506.4102783203125,-0.02887359880516227
2024-03-14,505.40924072265625,-0.035443278738018
2024-03-15,501.93878173828125,-0.019830029189793263
2024-03-18,504.921875,-0.014058329626334465
2024-03-19,507.7278747558594,-0.019972559128994316
2024-03-20,512.4238891601562,-0.032642876532373744
2024-03-21,514.1173095703125,-0.026694591595833317
2024-03-22,513.1427001953125,-0.021392522953184945
2024-03-25,511.72491455078125,-0.03422656764273235
2024-03-26,510.77978515625,-0.035581391236018
2024-03-27,515.0723266601562,-0.03467323225829766
2024-03-28,514.973876953125,-0.022520863230224952
2024-04-01,514.077880859375,-0.010705476137444547
2024-04-02,510.8094177246094,-0.003276755575254975
2024-04-03,511.3705139160156,-0.004273960529795229
2024-04-04,505.128662109375,0.013838160044891135
2024-04-05,510.40570068359375,0.004648736673671383
2024-04-08,510.6912536621094,0.004221919597502843
2024-04-09,511.2819519042969,0.007663924961711421
2024-04-10,506.1623840332031,0.030459976043548664
2024-04-11,509.98236083984375,0.020636939443012148
2024-04-12,502.9430236816406,0.036410138881632914
2024-04-15,496.64208984375,0.05076819617686357
2024-04-16,495.7362976074219,0.05526983117202988
2024-04-17,492.80242919921875,0.05849586485139158
2024-04-18,491.78839111328125,0.05293081778490771
2024-04-19,487.4958801269531,0.06923003969196695
2024-04-22,491.9853210449219,0.06021366043529164
2024-04-23,497.8235168457031,0.040442830948511865
2024-04-24,497.5872497558594,0.034031835384358056
2024-04-25,495.6968994140625,0.04742905803830766
2024-04-26,500.3931579589844,0.038444806857498515
2024-04-29,502.165283203125,0.03593690215565504
2024-04-30,494.2103271484375,0.06512211345682206
2024-05-01,492.60552978515625,0.06857196807919475
2024-05-02,497.2131042480469,0.057382766824289666
2024-05-03,503.376220703125,0.04766350652745688
2024-05-06,508.5744323730469,0.03945264338057197
2024-05-07,509.1356201171875,0.046834581723245616
2024-05-08,509.1849365234375,0.04884071726341532
2024-05-09,512.1187133789062,0.04346674170343712
2024-05-10,512.7784423828125,0.050418491668374754
2024-05-13,512.8473510742188,0.052945727641957596
2024-05-14,515.2003784179688,0.04528942691086879
2024-05-15,521.580078125,0.031119874068054942
2024-05-16,520.5068359375,0.029887016673577183
2024-05-17,521.2552490234375,0.032368622636865574
2024-05-20,521.855712890625,0.03246775119402345
2024-05-21,523.1355590820312,0.03156554976383874
2024-05-22,521.6293334960938,0.030473153822527133
2024-05-23,517.8191528320312,0.04019189648594068
2024-05-24,521.2452392578125,0.04030898063976429
2024-05-28,521.6095581054688,0.04422171129098107
2024-05-29,517.9569091796875,0.0576495550544025
2024-05-30,514.5210571289062,0.06594077542674515
2024-05-31,519.2073364257812,0.057347197083519985
2024-06-03,519.6306762695312,0.06693984433665134
2024-06-04,520.2115478515625,0.056559045216402426
2024-06-05,526.3943481445312,0.05073509077975458
2024-06-06,526.3844604492188,0.05364445948724095
2024-06-07,525.7445678710938,0.06118299254486903
2024-06-10,527.368896484375,0.043081163259344635
2024-06-11,528.6390380859375,0.032578312852389546
2024-06-12,532.9807739257812,0.017365643662988095
2024-06-13,534.0538940429688,0.02578932264556366
2024-06-14,534.3788452148438,0.023557487650570863
2024-06-17,538.6319580078125,-0.007537836492144012
2024-06-18,540.0004272460938,-0.015210966155241423
2024-06-20,538.5335083007812,-0.0014691727037844382
2024-06-21,537.8115844726562,0.00045894543554148015
2024-06-24,536.063232421875,-0.001363337227281325
2024-06-25,538.1275634765625,0.010975784314325887
2024-06-26,538.7991943359375,-0.004582967722232101
2024-06-27,539.6486206054688,-0.024653561124606038
2024-06-28,537.5250244140625,-0.04931825485050778
2024-07-01,538.6312866210938,-0.04252393926980769
2024-07-02,542.256103515625,-0.055281302212751404
2024-07-03,544.676025390625,-0.03773611122939424
2024-07-05,547.81689453125,-0.03903433283211322
2024-07-08,548.448974609375,-0.03963770344904638
2024-07-09,548.982421875,-0.024792295938152575
2024-07-10,554.4146728515625,-0.031301157149258074
2024-07-11,549.6342163085938,-0.006127677020639322
2024-07-12,553.1010131835938,-0.0101428966011613
2024-07-15,554.6220703125,-0.0034191973348969285
2024-07-16,557.9111938476562,-0.010905480330696937
2024-07-17,550.0885620117188,0.006607600804691138
2024-07-18,545.8612060546875,0.006441628957252199
2024-07-19,542.236328125,0.02393505177847821
2024-07-22,547.8267822265625,0.011070019432697142
2024-07-23,546.9674682617188,0.014048852230900799
2024-07-24,534.5718383789062,0.0315392322249719
2024-07-25,531.7864990234375,0.03703497961043478
2024-07-26,537.7423095703125,0.0353391514771797
2024-07-29,538.0584106445312,0.01343727996974442
2024-07-30,535.3323974609375,0.016512926972257924
2024-07-31,544.033935546875,-0.0021785050281305507
2024-08-01,536.3298950195312,-0.004880264301749704
2024-08-02,526.3443603515625,0.025351632828232606
2024-08-05,511.0152282714844,0.06070971738519093
2024-08-06,515.7265625,0.06180222077469599
2024-08-07,512.2794799804688,0.07795096189325945
2024-08-08,524.1220703125,0.059097383831965944
2024-08-09,526.4332275390625,0.05600480088189297
2024-08-12,526.709716796875,0.05588177081426138
2024-08-13,535.3718872070312,0.035717017766449644
2024-08-14,537.0608520507812,0.05007804682354822
2024-08-15,546.2662353515625,0.0305982351336187
2024-08-16,547.490966796875,0.030862225270376298
2024-08-19,552.7257080078125,0.02402091552230612
2024-08-20,551.826904296875,0.023426712495736135
2024-08-21,553.7233276367188,0.02396518243694512
2024-08-22,549.37744140625,0.03056849238973447
2024-08-23,555.2147827148438,0.023819786626687156
2024-08-26,553.8912353515625,0.017072593425818017
2024-08-27,554.6517333984375,0.01610656232895291
2024-08-28,551.4318237304688,0.020171320245733648
2024-08-29,551.481201171875,0.029350001571584405
2024-08-30,556.7456665039062,0.010398695597026109
2024-09-03,545.2884521484375,0.04138524196200444
2024-09-04,544.1723022460938,0.05074913195447284
2024-09-05,542.8487548828125,0.05146764673937598
2024-09-06,533.7124633789062,0.07587132026469678
2024-09-09,539.6880493164062,0.07266024740990673
2024-09-10,542.038818359375,0.05971017808828161
2024-09-11,547.599609375,0.053508231058133626
2024-09-12,552.212158203125,0.044798066724701435
2024-09-13,555.0963134765625,0.043367575261982205
2024-09-16,555.916015625,0.04011823285750915
2024-09-17,556.1431884765625,0.03914100868649073
2024-09-18,554.4937744140625,0.032708826784354494
2024-09-19,563.955810546875,0.01757809540672306
2024-09-20,562.9810180664062,0.018988102730293166
2024-09-23,564.3877563476562,0.019590395903331892
2024-09-24,566.002685546875,0.01832674314932148
2024-09-25,564.75439453125,0.01748990806809858
2024-09-26,566.993408203125,-0.006395202387180499
2024-09-27,566.1710815429688,-0.0007523597890374267
2024-09-30,568.4398803710938,-0.0068844415186465335
2024-10-01,563.3475952148438,0.01420981643653918
2024-10-02,563.5852661132812,0.03899031176936085
2024-10-03,562.554931640625,0.04894172661089957
2024-10-04,567.6671752929688,0.04399795756408231
2024-10-07,562.5350952148438,0.0545264374238803
2024-10-08,567.8553466796875,0.041401406014913045
2024-10-09,571.78857421875,0.034740244213819826
2024-10-10,570.7879028320312,0.029889040481986928
2024-10-11,574.2059326171875,0.010645645789287395
2024-10-14,578.9019165039062,0.006554747109801529
2024-10-15,574.404052734375,0.018144761108128904
2024-10-16,576.9006958007812,0.014082186928589646
2024-10-17,576.9501953125,0.019438571962958617
2024-10-18,579.1694946289062,0.0186796173678192
2024-10-21,578.2183837890625,0.023816465456909963
2024-10-22,577.9111938476562,0.02970936147521619
2024-10-23,572.630615234375,0.0360560350800152
2024-10-24,573.8690795898438,0.040242298908423235
2024-10-25,573.6709594726562,0.04246674522091398
2024-10-28,575.4443359375,0.039736192310629415
2024-10-29,576.3756713867188,0.04450184410408231
2024-10-30,574.6318969726562,0.04594748952417205
2024-10-31,563.3673706054688,0.06888358240131232
2024-11-01,565.7451171875,0.05891003378080972
2024-11-04,564.5264892578125,0.05789656231964657
2024-11-05,571.3526611328125,0.05333786559231335
2024-11-06,585.5596313476562,0.022485855200994775
2024-11-07,590.0873413085938,0.014438883941865432
2024-11-08,592.6433715820312,0.01437661002429591
2024-11-11,593.2081298828125,0.009235607907792431
2024-11-12,591.3653564453125,-0.017791954323129633
2024-11-13,591.6526489257812,-0.01857032608091269
2024-11-14,587.8482055664062,-0.00035446909842440366
2024-11-15,580.3187255859375,0.018679541797793853
2024-11-18,582.6964721679688,0.025799162639093653
2024-11-19,584.8264770507812,0.02213113051758464
2024-11-20,585.0247192382812,0.01102884754323008
2024-11-21,588.165283203125,-0.005845483318632327
2024-11-22,589.9881591796875,-0.012522699843974472
2024-11-25,591.989501953125,-0.01827901314299929
2024-11-26,595.08056640625,-0.011167408562226866
2024-11-27,593.2774047851562,-0.0024483920538315163
2024-11-29,596.962890625,-0.019813734070572075
2024-12-02,598.0328979492188,-0.02013814619075338
2024-12-03,598.310302734375,-0.035545556966049
2024-12-04,602.0254516601562,-0.04001111157859949
2024-12-05,601.0347900390625,-0.03710560217495984
2024-12-06,602.1741333007812,-0.021445524999389343
2024-12-09,599.0731811523438,-0.018271938006452215
2024-12-10,597.2106323242188,-0.005323004826208733
2024-12-11,601.827392578125,-0.003918526136015621
2024-12-12,598.7264404296875,0.0068688278158779426
2024-12-13,598.6075439453125,0.012565579338279509
2024-12-16,601.16357421875,0.005316837545677577
2024-12-17,598.686767578125,-0.004803502620685518
2024-12-18,580.8438110351562,0.034581773111985514
2024-12-19,580.6654663085938,0.030260185840872644
2024-12-20,587.6398315429688,0.023496423048412263
2024-12-23,591.1588134765625,0.011989308604801518
2024-12-24,597.7295532226562,-0.0058707056048374895
2024-12-26,597.7693481445312,0.0007315813296360218
2024-12-27,591.4768676757812,0.015478666940054397
2024-12-30,584.7271728515625,0.03077085270929425
2024-12-31,582.5999145507812,0.02506485641074052
2025-01-02,581.1685180664062,0.03456812294650269
2025-01-03,588.43505859375,0.022569422835165165
2025-01-06,591.8248291015625,0.013437174687911835
2025-01-07,585.1348266601562,0.035845875949438666
2025-01-08,585.9896240234375,0.034283929325453766
2025-01-10,577.0430297851562,0.05340326009202401
2025-01-13,577.937744140625,0.05424930710242726
2025-01-14,578.7330322265625,0.0484205694981692
2025-01-15,589.2601928710938,0.012078588926813794
2025-01-16,588.126953125,0.009414404840579094
2025-01-17,594.0316772460938,-0.005589350857914344
2025-01-21,599.4691162109375,-0.014111607132857418
2025-01-22,602.8389892578125,-0.03527144207188604
2025-01-23,606.12939453125,-0.025535141897590763
2025-01-24,604.35986328125,-0.03980445234780794
2025-01-27,595.8109741210938,-0.037556110486964056
2025-01-28,600.930419921875,-0.03549925225815598
2025-01-29,598.2365112304688,-0.04835409493662557
2025-01-30,601.447265625,-0.048128943531390744
2025-01-31,598.2463989257812,-0.0685253705261828
2025-02-03,594.220458984375,-0.07001021394643303
2025-02-04,598.2066650390625,-0.07130514401667254
2025-02-05,600.6321411132812,-0.08738535053756535
2025-02-06,602.7197265625,-0.07176079700575999
2025-02-07,597.2026977539062,-0.05596148384256883
2025-02-10,601.2584228515625,-0.07246418593489523
2025-02-11,601.7156982421875,-0.0630750488664108
2025-02-12,599.7772827148438,-0.06276509906478756
2025-02-13,606.1094970703125,-0.07225075721278029
2025-02-14,606.0796508789062,-0.05558967771328305
2025-02-18,607.8590087890625,-0.056090663049762624
2025-02-19,609.2904663085938,-0.06955041339368495
2025-02-20,606.755615234375,-0.06814458061112849
2025-02-21,596.3776245117188,-0.0710212238171718
2025-02-24,593.663818359375,-0.06051011927306882
2025-02-25,590.71142578125,-0.05314770821399317
2025-02-26,591.0096435546875,-0.04763638759562794
2025-02-27,581.5759887695312,-0.07988284880130125
2025-02-28,590.6517944335938,-0.14705981737146312
2025-03-03,580.3036499023438,-0.13339626481497358
2025-03-04,573.4346313476562,-0.13675147174292956
2025-03-05,579.5978393554688,-0.05623711383088548
2025-03-06,569.309326171875,-0.08128370922997685
2025-03-07,572.500244140625,-0.07010319148164934
2025-03-10,557.2513427734375,-0.03538880478282269
2025-03-11,552.6189575195312,-0.03002725061074485
2025-03-12,555.5514526367188,-0.056594070305328814
2025-03-13,548.1456909179688,-0.0424838759137669
2025-03-14,559.4680786132812,-0.08419208352311314
2025-03-17,563.7823486328125,-0.0675551937261083
2025-03-18,557.688720703125,-0.04276027637435298
2025-03-19,563.762451171875,-0.03314133080659687
2025-03-20,562.1322021484375,-0.02333122764515949
2025-03-21,562.317626953125,-0.02328098563206038
2025-03-24,572.3878784179688,-0.034420334478459824
2025-03-25,573.7637939453125,-0.03635352669940661
2025-03-26,566.9140625,-0.017798482395094073
2025-03-27,565.4085083007812,-0.0005643561994388424
2025-03-28,554.0221557617188,0.014127310939320958
2025-03-31,557.7411499023438,-0.0010547129901398167
2025-04-01,559.3164672851562,0.0003209352933992715
2025-04-02,562.8560791015625,0.0009565342425379431
2025-04-03,535.1180419921875,0.051499913200919734
2025-04-04,503.7906494140625,0.15379594107466033
2025-04-07,502.893310546875,0.16348791732994283
2025-04-08,495.0166015625,0.1835120103295147
2025-04-09,547.0029296875,0.07626407929573609
2025-04-10,523.0337524414062,0.1327157083034547
2025-04-11,532.3661499023438,0.11407650310062034
2025-04-14,537.5308837890625,0.09966246943024037
2025-04-15,536.0253295898438,0.08416885488996595
2025-04-16,524.1105346679688,0.1092532956982668
2025-04-17,524.8583374023438,0.10011211405049192
2025-04-21,512.3652954101562,0.15036595580035872
2025-04-22,525.6959228515625,0.11470832121018892
2025-04-23,533.841796875,0.10203208976793365
2025-04-24,545.07861328125,0.07810645414714945
2025-04-25,549.0169677734375,0.07640198090203398
2025-04-28,549.226318359375,0.0821276911635731
2025-04-29,552.6860961914062,0.07506497089134001
2025-04-30,552.9054565429688,0.06944493659923934
2025-05-01,556.8238525390625,0.07282405506433087
2025-05-02,565.0894165039062,0.05808460942330895
2025-05-05,561.8489990234375,0.07022059167000361
2025-05-06,557.1528930664062,0.07616324143800557
2025-05-07,559.4959716796875,0.07591551757203341
2025-05-08,563.3944702148438,0.0565249161625041
2025-05-09,562.6765747070312,0.06793776649756111
2025-05-12,581.2716064453125,0.02494047915305564
2025-05-13,585.1102905273438,0.018062792189848853
2025-05-14,585.8580932617188,0.014375385664244789
2025-05-15,588.7196044921875,0.019415728361440454
2025-05-16,592.4485473632812,0.024190255841417097
2025-05-19,593.0966186523438,0.023644337235825486
2025-05-20,591.1025390625,0.0351334238685983
2025-05-21,581.1419677734375,0.058106292857270425
2025-05-22,581.371337890625,0.06274584816593642
2025-05-23,577.4030151367188,
2025-05-27,589.4075927734375,
2025-05-28,585.9976196289062,
2025-05-29,588.310791015625,
2025-05-30,587.6527709960938,
2025-06-02,590.9629516601562,
2025-06-03,594.3330078125,
2025-06-04,594.1734619140625,
2025-06-05,591.3019409179688,
2025-06-06,597.3740234375,
2025-06-09,597.9124145507812,
2025-06-10,601.3023681640625,
2025-06-11,599.5874633789062,
2025-06-12,601.9703979492188,
2025-06-13,595.2402954101562,
2025-06-16,600.903564453125,
2025-06-17,595.768798828125,
2025-06-18,595.6790161132812,
2025-06-20,594.280029296875,
2025-06-23,600.1500244140625,
2025-06-24,606.780029296875,
2025-06-25,607.1199951171875,
2025-06-26,611.8699951171875,
2025-06-27,614.9099731445312,
2025-06-30,617.8499755859375,
